Date,Name,Year,Letterboxd URI
2024-05-21,Outrage,2010,https://boxd.it/PUo
2024-05-21,Enter the Dragon,1973,https://boxd.it/1YCA
2024-05-21,The Way of the Dragon,1972,https://boxd.it/1YCq
2024-05-21,Game of Death,1978,https://boxd.it/1Qpe
2024-05-21,13 Assassins,2010,https://boxd.it/jqc
2024-05-22,Red Beard,1965,https://boxd.it/251m
2024-05-22,Rashomon,1950,https://boxd.it/2a9K
2024-05-22,Seven Samurai,1954,https://boxd.it/2axi
2024-05-22,Ikiru,1952,https://boxd.it/251c
2024-05-22,Ran,1985,https://boxd.it/1Tlu
2024-05-22,Reservoir Dogs,1992,https://boxd.it/2agc
2024-05-22,Harakiri,1962,https://boxd.it/1NTU
2024-05-22,Whiplash,2014,https://boxd.it/7bQA
2024-05-22,Rocky,1976,https://boxd.it/28Uk
2024-05-22,Rocky II,1979,https://boxd.it/28Ua
2024-05-22,Rocky IV,1985,https://boxd.it/28T2
2024-05-22,Rocky III,1982,https://boxd.it/28Tw
2024-05-22,Parasite,2019,https://boxd.it/hTha
2024-05-22,The Big Lebowski,1998,https://boxd.it/2b6C
2024-05-22,No Country for Old Men,2007,https://boxd.it/21ew
2024-05-22,The Handmaiden,2016,https://boxd.it/948A
2024-05-22,Brother,2000,https://boxd.it/2aAm
2024-05-22,Dead or Alive,1999,https://boxd.it/1U9u
2024-05-22,A Yakuza in Love,1997,https://boxd.it/3QXE
2024-05-22,Dead or Alive 2: Birds,2000,https://boxd.it/1Pbq
2024-05-23,Crying Fist,2005,https://boxd.it/11Lo
2024-05-23,Tokyo Fist,1995,https://boxd.it/Z2m
2024-05-23,Sailor Suit and Machine Gun,1981,https://boxd.it/7km
2024-05-23,Tokyo Tribe,2014,https://boxd.it/74PU
2024-05-23,Scott Pilgrim vs. the World,2010,https://boxd.it/1Aq6
2024-05-24,The Villainess,2017,https://boxd.it/fwe4
2024-05-24,Swing Kids,2018,https://boxd.it/khz2
2024-05-24,Rain Man,1988,https://boxd.it/2avw
2024-05-24,The Hunt,2012,https://boxd.it/3wEC
2024-05-24,Hazard,2005,https://boxd.it/2u8C
2024-05-24,Why Don't You Play in Hell?,2013,https://boxd.it/4lnC
2024-05-24,Love Exposure,2008,https://boxd.it/1pDe
2024-05-24,Summer Wars,2009,https://boxd.it/1oDC
2024-05-24,Taxi Driver,1976,https://boxd.it/2b8y
2024-05-24,Scarface,1983,https://boxd.it/2b7g
2024-05-24,Full Metal Jacket,1987,https://boxd.it/2a1Q
2024-05-24,8 Mile,2002,https://boxd.it/2bew
2024-05-25,OUT,2023,https://boxd.it/Iqmu
2024-05-25,Fallen Angels,1995,https://boxd.it/1UkW
2024-05-31,Daughter of the Nile,1987,https://boxd.it/3pU4
2024-05-31,"Goodbye, Dragon Inn",2003,https://boxd.it/oFG
2024-05-31,A Moment to Remember,2004,https://boxd.it/1LmO
2024-05-31,Ritual,2000,https://boxd.it/14z6
2024-05-31,Love & Pop,1998,https://boxd.it/2sv0
2024-05-31,A Story of Yonosuke,2013,https://boxd.it/61pM
2024-05-31,Midnight Runners,2017,https://boxd.it/gaee
2024-05-31,My Heart Is That Eternal Rose,1989,https://boxd.it/2HHA
2024-06-02,Howl's Moving Castle,2004,https://boxd.it/23De
2024-06-02,Kiki's Delivery Service,1989,https://boxd.it/1JAY
2024-06-02,Princess Mononoke,1997,https://boxd.it/2b4w
2024-06-02,Castle in the Sky,1986,https://boxd.it/1W4G
2024-06-07,Vengeance Is Mine,1979,https://boxd.it/XyU
2024-06-08,Police Story,1985,https://boxd.it/1Zhe
2024-06-08,Drunken Master,1978,https://boxd.it/1Ujk
2024-06-08,Drunken Master II,1994,https://boxd.it/1Si0
2024-06-08,The Shining,1980,https://boxd.it/29Nu
2024-06-08,The Silence of the Lambs,1991,https://boxd.it/2aHW
2024-06-08,The Wolf of Wall Street,2013,https://boxd.it/3C1m
2024-06-08,Kill Bill: Vol. 1,2003,https://boxd.it/70w
2024-06-08,Kill Bill: Vol. 2,2004,https://boxd.it/2au4
2024-06-08,A Clockwork Orange,1971,https://boxd.it/2aVE
2024-06-08,Raging Bull,1980,https://boxd.it/28yI
2024-06-08,Onibaba,1964,https://boxd.it/252a
2024-06-08,Blade Runner,1982,https://boxd.it/2bcA
2024-06-08,One Cut of the Dead,2017,https://boxd.it/iAFu
2024-06-08,Drug War,2012,https://boxd.it/3IcK
2024-06-08,Kung Fu Hustle,2004,https://boxd.it/1YBi
2024-06-08,The Chinese Boxer,1970,https://boxd.it/2iAu
2024-06-08,Kotoko,2011,https://boxd.it/3030
2024-06-08,Ip Man,2008,https://boxd.it/1NrQ
2024-06-08,"Crouching Tiger, Hidden Dragon",2000,https://boxd.it/2b1M
2024-06-08,Mishima: A Life in Four Chapters,1985,https://boxd.it/1sBA
2024-06-08,Nameless Gangster,2012,https://boxd.it/39VA
2024-06-08,A Taxi Driver,2017,https://boxd.it/fwac
2024-06-08,"Spring, Summer, Fall, Winter... and Spring",2003,https://boxd.it/2b6W
2024-06-08,3-Iron,2004,https://boxd.it/28WK
2024-06-08,House,1977,https://boxd.it/1vsm
2024-06-08,Like Someone in Love,2012,https://boxd.it/3tOu
2024-06-08,The Girl Who Leapt Through Time,1983,https://boxd.it/bpK
2024-06-08,Maborosi,1995,https://boxd.it/1G9U
2024-06-08,Tokyo Sonata,2008,https://boxd.it/1ZxQ
2024-06-08,Barking Dogs Never Bite,2000,https://boxd.it/1BLa
2024-06-08,Decision to Leave,2022,https://boxd.it/qp9e
2024-06-09,Léon: The Professional,1994,https://boxd.it/2b8S
2024-06-10,Millennium Mambo,2001,https://boxd.it/1Tzw
2024-06-11,Zatoichi,2003,https://boxd.it/2aMs
2024-06-11,Hiroshima Mon Amour,1959,https://boxd.it/22WY
2024-06-12,Kuroneko,1968,https://boxd.it/12mE
2024-06-12,The Tale of Zatoichi,1962,https://boxd.it/1JMq
2024-06-12,Yojimbo,1961,https://boxd.it/1SRY
2024-06-12,Sanjuro,1962,https://boxd.it/1TaQ
2024-06-12,Lady Snowblood,1973,https://boxd.it/26Fi
2024-06-12,Kwaidan,1964,https://boxd.it/1kbY
2024-06-12,The Sword of Doom,1966,https://boxd.it/1EoS
2024-06-12,Throne of Blood,1957,https://boxd.it/251w
2024-06-12,Three Outlaw Samurai,1964,https://boxd.it/jni
2024-06-12,Kagemusha,1980,https://boxd.it/1SGG
2024-06-12,The Hidden Blade,2004,https://boxd.it/1ew2
2024-06-12,Love and Honor,2006,https://boxd.it/1Dle
2024-06-12,Gate of Hell,1953,https://boxd.it/UHY
2024-06-12,Shogun Assassin,1980,https://boxd.it/1MM4
2024-06-12,2046,2004,https://boxd.it/29tu
2024-06-12,The Mad Fox,1962,https://boxd.it/7LHa
2024-06-12,Summer Palace,2006,https://boxd.it/1IHk
2024-06-12,Love Letter,1995,https://boxd.it/LMA
2024-06-12,Tokyo Marigold,2001,https://boxd.it/7x86
2024-06-12,Kikujiro,1999,https://boxd.it/24xc
2024-06-12,Before We Vanish,2017,https://boxd.it/fSUQ
2024-06-12,Cure,1997,https://boxd.it/1blA
2024-06-12,Cold Fish,2010,https://boxd.it/2dxK
2024-06-12,April Story,1998,https://boxd.it/2n9o
2024-06-12,ICHI,2008,https://boxd.it/1F1q
2024-06-12,Tremble All You Want,2017,https://boxd.it/hdqO
2024-06-12,Café Lumière,2003,https://boxd.it/yNA
2024-06-12,Nobody Knows,2004,https://boxd.it/26E0
2024-06-12,Still Walking,2008,https://boxd.it/1wvm
2024-06-12,"Throw Away Your Books, Rally in the Streets",1971,https://boxd.it/3yio
2024-06-12,One Million Yen Girl,2008,https://boxd.it/2h5K
2024-06-12,BU・SU,1987,https://boxd.it/68Ea
2024-06-12,Love Hotel,1985,https://boxd.it/3Rcu
2024-06-12,Riverside Mukolitta,2021,https://boxd.it/s7ok
2024-06-12,A Gentle Breeze in the Village,2007,https://boxd.it/2Vdk
2024-06-12,Rainbow Song,2006,https://boxd.it/PKI
2024-06-12,I Am What I Am,2022,https://boxd.it/ClZk
2024-06-12,Killing,2018,https://boxd.it/jlhk
2024-06-12,Eternally Younger Than Those Idiots,2020,https://boxd.it/s5cw
2024-06-12,Utsushimi,2000,https://boxd.it/4b2a
2024-06-12,Su-ki-da,2005,https://boxd.it/irI
2024-06-12,Open House,1998,https://boxd.it/9Pko
2024-06-12,How to Become Myself,2007,https://boxd.it/3iz4
2024-06-12,Blade of the Immortal,2017,https://boxd.it/f5Pi
2024-06-12,Seventh Code,2013,https://boxd.it/7kC8
2024-06-12,Eureka,2000,https://boxd.it/16TC
2024-06-12,Nausicaä of the Valley of the Wind,1984,https://boxd.it/2bc6
2024-06-12,Haru,1996,https://boxd.it/7Lo8
2024-06-12,The Taste of Tea,2004,https://boxd.it/1Mse
2024-06-12,Moving,1993,https://boxd.it/3RcO
2024-06-12,The Makanai: Cooking for the Maiko House,2023,https://boxd.it/EAuU
2024-06-12,"His Motorbike, Her Island",1986,https://boxd.it/9uk8
2024-06-12,August in the Water,1995,https://boxd.it/3xQE
2024-06-12,Burning,2018,https://boxd.it/hHUa
2024-06-12,Peppermint Candy,1999,https://boxd.it/ZQc
2024-06-12,House of Hummingbird,2018,https://boxd.it/jZ8C
2024-06-12,Secret Sunshine,2007,https://boxd.it/27CY
2024-06-12,Ha Ha Ha,2010,https://boxd.it/gQm
2024-06-12,Timeless Bottomless Bad Movie,1997,https://boxd.it/3sKm
2024-06-12,A Dirty Carnival,2006,https://boxd.it/1z5c
2024-06-12,Pieta,2012,https://boxd.it/446k
2024-06-12,Castaway on the Moon,2009,https://boxd.it/1GXU
2024-06-12,Thriller: A Cruel Picture,1973,https://boxd.it/1MZs
2024-06-12,Confessions,2010,https://boxd.it/uRS
2024-06-12,The Godfather,1972,https://boxd.it/2aNK
2024-06-12,The Prestige,2006,https://boxd.it/293w
2024-06-12,"Right Now, Wrong Then",2015,https://boxd.it/bWs4
2024-06-12,Tale of Cinema,2005,https://boxd.it/31H6
2024-06-12,Breathless,2008,https://boxd.it/1ifa
2024-06-12,Bleak Night,2010,https://boxd.it/2zHM
2024-06-12,Friend,2001,https://boxd.it/1EMg
2024-06-12,My Sassy Girl,2001,https://boxd.it/1Ury
2024-06-12,Windstruck,2004,https://boxd.it/1X5g
2024-06-12,Platoon,1986,https://boxd.it/29BS
2024-06-12,Citizen Kane,1941,https://boxd.it/71O
2024-06-12,High and Low,1963,https://boxd.it/1RSc
2024-06-12,Bunny Drop,2011,https://boxd.it/3kf6
2024-06-12,Dead Run,2005,https://boxd.it/3zbS
2024-06-12,My Blood and Bones in a Flowing Galaxy,2021,https://boxd.it/q7lQ
2024-06-12,In the Mood for Love,2000,https://boxd.it/29tE
2024-06-12,Memories,1995,https://boxd.it/Vz2
2024-06-12,Promare,2019,https://boxd.it/keFQ
2024-06-12,License to Live,1998,https://boxd.it/IGY
2024-06-14,Gyeongju,2014,https://boxd.it/8eOu
2024-06-14,Himizu,2011,https://boxd.it/3oFs
2024-06-14,Voices in the Wind,2020,https://boxd.it/nxZw
2024-06-14,"One Day, You Will Reach the Sea",2022,https://boxd.it/yNVi
2024-06-14,We Couldn't Become Adults,2021,https://boxd.it/txOg
2024-06-14,Yamato (California),2016,https://boxd.it/eSXI
2024-06-14,tokyo.sora,2002,https://boxd.it/48ia
2024-06-17,The Last 10 Years,2022,https://boxd.it/x57m
2024-06-17,A Family,2020,https://boxd.it/rCMg
2024-06-17,The Parades,2024,https://boxd.it/L3Ny
2024-06-23,Bright Future,2002,https://boxd.it/1sXw
2024-06-24,A Night in Nude,1993,https://boxd.it/3zd0
2024-06-24,Black Angel,1998,https://boxd.it/AI8
2024-06-24,Gonin,1995,https://boxd.it/1t5g
2024-06-24,Alone in the Night,1994,https://boxd.it/4A8C
2024-06-25,Hara-Kiri: Death of a Samurai,2011,https://boxd.it/32BI
2024-06-25,Graveyard of Honor,2002,https://boxd.it/1D80
2024-06-25,Ley Lines,1999,https://boxd.it/1FgK
2024-06-25,Rainy Dog,1997,https://boxd.it/1b08
2024-06-25,Pulse,2001,https://boxd.it/1s3y
2024-06-25,Retribution,2006,https://boxd.it/NO4
2024-06-25,Serpent's Path,1998,https://boxd.it/3wWc
2024-06-25,Eyes of the Spider,1998,https://boxd.it/22C
2024-06-25,A Bride for Rip Van Winkle,2016,https://boxd.it/dj9c
2024-06-25,Hana & Alice,2004,https://boxd.it/1qXa
2024-06-26,Miao Miao,2008,https://boxd.it/1cni
2024-06-26,Zinnia Flower,2015,https://boxd.it/ct1A
2024-06-26,Eternal Summer,2006,https://boxd.it/qEA
2024-06-26,Murmur of the Hearts,2015,https://boxd.it/aUle
2024-06-26,The Fourth Portrait,2010,https://boxd.it/iHG
2024-06-26,Yi Yi,2000,https://boxd.it/1vCw
2024-06-27,Bumpkin Soup,1985,https://boxd.it/15K
2024-06-29,The Breakfast Club,1985,https://boxd.it/27q4
2024-07-01,Where Spring Comes Late,1970,https://boxd.it/7LgS
2024-07-01,I Love You Two Thousand,2023,https://boxd.it/Ezs4
2024-07-01,Shoplifters,2018,https://boxd.it/ifY6
2024-07-01,Monster,2023,https://boxd.it/DJEM
2024-07-01,Broker,2022,https://boxd.it/rDUU
2024-07-01,After the Storm,2016,https://boxd.it/d0HY
2024-07-01,Our Little Sister,2015,https://boxd.it/abBm
2024-07-01,After Life,1998,https://boxd.it/1HMI
2024-07-01,"Like Father, Like Son",2013,https://boxd.it/5rQs
2024-07-01,Air Doll,2009,https://boxd.it/1wuS
2024-07-01,I Wish,2011,https://boxd.it/2L3k
2024-07-01,The Third Murder,2017,https://boxd.it/fqF4
2024-07-05,House of Flying Daggers,2004,https://boxd.it/1YoI
2024-07-05,Hard Boiled,1992,https://boxd.it/1T6a
2024-07-05,The Hidden Fortress,1958,https://boxd.it/295M
2024-07-05,A Touch of Zen,1970,https://boxd.it/SFm
2024-07-05,The Twilight Samurai,2002,https://boxd.it/1RRI
2024-07-05,Ghost Dog: The Way of the Samurai,1999,https://boxd.it/23Ne
2024-07-05,Hero,2002,https://boxd.it/2bcq
2024-07-09,Vital,2004,https://boxd.it/1b4k
2024-07-09,Blue,2002,https://boxd.it/3q1k
2024-07-09,Tokyo Trash Baby,2000,https://boxd.it/1M7q
2024-07-09,0 & 1,2002,https://boxd.it/x2T8
2024-07-09,Tokyo Gore Police,2008,https://boxd.it/1KUq
2024-07-09,Angel's Egg,1985,https://boxd.it/1LeA
2024-07-09,Ghost in the Shell 2: Innocence,2004,https://boxd.it/1SrG
2024-07-10,Casablanca,1942,https://boxd.it/2aG0
2024-07-10,Singin' in the Rain,1952,https://boxd.it/29oY
2024-07-10,Rear Window,1954,https://boxd.it/2a6Q
2024-07-10,Don't Look Now,1973,https://boxd.it/29fC
2024-07-10,City of God,2002,https://boxd.it/2a2a
2024-07-12,The Hourglass Sanatorium,1973,https://boxd.it/OUW
2024-07-12,I've Heard the Ammonite Murmur,1992,https://boxd.it/dHXA
2024-07-12,The Wicked City,1992,https://boxd.it/2bTk
2024-07-12,Swallowtail Butterfly,1996,https://boxd.it/20b2
2024-07-12,Tony Takitani,2004,https://boxd.it/1nR4
2024-07-12,52-Hertz Whales,2024,https://boxd.it/JKBG
2024-07-12,(Ab)normal Desire,2023,https://boxd.it/CMFG
2024-07-12,"Ah, Wilderness: Part 1",2017,https://boxd.it/es4i
2024-07-12,Memories of Matsuko,2006,https://boxd.it/1iVU
2024-07-12,20th Century Nostalgia,1997,https://boxd.it/dSZC
2024-07-12,"Glowing, Growing",2001,https://boxd.it/d5U4
2024-07-12,Beautiful Sunday,1998,https://boxd.it/5jRW
2024-07-12,All Around Us,2008,https://boxd.it/B8K
2024-07-12,July Rhapsody,2002,https://boxd.it/BiK
2024-07-12,Tempting Heart,1999,https://boxd.it/PrG
2024-07-12,Summer Snow,1995,https://boxd.it/2oea
2024-07-12,An Autumn's Tale,1987,https://boxd.it/5uE
2024-07-12,Viva La Vida,2024,https://boxd.it/K010
2024-07-12,Something to Do before Dying,2009,https://boxd.it/dmtk
2024-07-12,Hope,2013,https://boxd.it/7x5Q
2024-07-12,Minari,2020,https://boxd.it/mL9M
2024-07-12,Oasis,2002,https://boxd.it/1sO0
2024-07-12,Soulmate,2023,https://boxd.it/mQQQ
2024-07-12,"Kim Ji-young, Born 1982",2019,https://boxd.it/lyGw
2024-07-12,New World,2013,https://boxd.it/588Q
2024-07-12,One Fine Spring Day,2001,https://boxd.it/3jFC
2024-07-12,The Dream Songs,2022,https://boxd.it/AJf2
2024-07-12,Green Snake,1993,https://boxd.it/12Vk
2024-07-12,Big Bang,2007,https://boxd.it/kfk
2024-07-12,Daisy,2006,https://boxd.it/1GZw
2024-07-12,Scent of Love,2003,https://boxd.it/1mds
2024-07-12,Off-Balance,2000,https://boxd.it/ld3y
2024-07-12,Plastic Love Story,2014,https://boxd.it/bTJG
2024-07-12,Petal Dance,2013,https://boxd.it/5tky
2024-07-12,Wanee & Junah,2001,https://boxd.it/1fh8
2024-07-12,Terrorizers,1986,https://boxd.it/2IRG
2024-07-12,Café Noir,2009,https://boxd.it/32RQ
2024-07-12,Like Grains of Sand,1995,https://boxd.it/1sVU
2024-07-12,Buddha Mountain,2010,https://boxd.it/9Ms
2024-07-12,Il Mare,2000,https://boxd.it/1RuO
2024-07-12,Take Care of My Cat,2001,https://boxd.it/18CI
2024-07-12,GO,2001,https://boxd.it/176c
2024-07-12,Life Can Be So Wonderful,2007,https://boxd.it/anCQ
2024-07-12,The Piano in a Factory,2010,https://boxd.it/2oTM
2024-07-12,Her Love Boils Bathwater,2016,https://boxd.it/ewFi
2024-07-12,A Quiet Dream,2016,https://boxd.it/eHNi
2024-07-12,9 Souls,2003,https://boxd.it/1Jqk
2024-07-12,Glasses,2007,https://boxd.it/1vnw
2024-07-12,The Yellow Handkerchief,1977,https://boxd.it/1Aou
2024-07-12,Resurrection of the Little Match Girl,2002,https://boxd.it/PcQ
2024-07-13,The Blade,1995,https://boxd.it/VSy
2024-07-13,Time and Tide,2000,https://boxd.it/Gpw
2024-07-14,Eros + Massacre,1969,https://boxd.it/2HSo
2024-07-14,Heroic Purgatory,1970,https://boxd.it/3xFG
2024-07-14,Woman of the Lake,1966,https://boxd.it/3xWW
2024-07-14,Female Prisoner Scorpion: Jailhouse 41,1972,https://boxd.it/1326
2024-07-14,Female Prisoner Scorpion: Beast Stable,1973,https://boxd.it/1cvc
2024-07-14,Antiporno,2016,https://boxd.it/eDjy
2024-07-14,"Synecdoche, New York",2008,https://boxd.it/23zw
2024-07-14,If Cats Disappeared from the World,2016,https://boxd.it/dEji
2024-07-14,Back to the Future,1985,https://boxd.it/2b8e
2024-07-14,Pulp Fiction,1994,https://boxd.it/29Pq
2024-07-14,The Shawshank Redemption,1994,https://boxd.it/2aHi
2024-07-14,2001: A Space Odyssey,1968,https://boxd.it/2bf0
2024-07-14,Apocalypse Now,1979,https://boxd.it/6ZS
2024-07-14,Saving Private Ryan,1998,https://boxd.it/29ro
2024-07-14,Jurassic Park,1993,https://boxd.it/2aA2
2024-07-14,Raiders of the Lost Ark,1981,https://boxd.it/2bbs
2024-07-14,Die Hard,1988,https://boxd.it/2a7u
2024-07-14,Heat,1995,https://boxd.it/2bg8
2024-07-14,The Usual Suspects,1995,https://boxd.it/29XE
2024-07-14,Mulholland Drive,2001,https://boxd.it/297o
2024-07-14,The Elephant Man,1980,https://boxd.it/27LQ
2024-07-14,Blue Velvet,1986,https://boxd.it/29BI
2024-07-14,Eraserhead,1977,https://boxd.it/299u
2024-07-14,Lost Highway,1997,https://boxd.it/29Wc
2024-07-14,Metropolis,1927,https://boxd.it/71a
2024-07-14,Vertigo,1958,https://boxd.it/2apI
2024-07-14,Psycho,1960,https://boxd.it/2ab2
2024-07-14,The Birds,1963,https://boxd.it/2a6m
2024-07-14,Rope,1948,https://boxd.it/28yo
2024-07-14,North by Northwest,1959,https://boxd.it/2aRM
2024-07-14,Rumble Fish,1983,https://boxd.it/2aOI
2024-07-15,Dial M for Murder,1954,https://boxd.it/2adW
2024-07-15,28 Days Later,2002,https://boxd.it/2aXU
2024-07-15,Train to Busan,2016,https://boxd.it/dSQU
2024-07-15,Dawn of the Dead,2004,https://boxd.it/29gK
2024-07-15,Halloween,1978,https://boxd.it/2wRu
2024-07-15,Candyman,1992,https://boxd.it/1Ys6
2024-07-15,The Blob,1958,https://boxd.it/1ZKA
2024-07-15,Jaws,1975,https://boxd.it/2a5e
2024-07-15,Catch Me If You Can,2002,https://boxd.it/29VS
2024-07-15,The Fabelmans,2022,https://boxd.it/ugoM
2024-07-15,West Side Story,2021,https://boxd.it/iwt0
2024-07-15,Hook,1991,https://boxd.it/29nQ
2024-07-15,A.I. Artificial Intelligence,2001,https://boxd.it/29Ve
2024-07-15,The Nightmare Before Christmas,1993,https://boxd.it/1YzQ
2024-07-15,Tron,1982,https://boxd.it/2b9w
2024-07-15,TRON: Legacy,2010,https://boxd.it/1Dlo
2024-07-15,Dune,1984,https://boxd.it/29tY
2024-07-15,Edward Scissorhands,1990,https://boxd.it/2aZc
2024-07-15,Corpse Bride,2005,https://boxd.it/24WQ
2024-07-15,Beetlejuice,1988,https://boxd.it/24QI
2024-07-15,Mars Attacks!,1996,https://boxd.it/2bd4
2024-07-15,Edge of Tomorrow,2014,https://boxd.it/4pD0
2024-07-15,Predator,1987,https://boxd.it/2b84
2024-07-15,Total Recall,1990,https://boxd.it/29qK
2024-07-15,A Quiet Place,2018,https://boxd.it/fVJQ
2024-07-15,A Quiet Place Part II,2020,https://boxd.it/iTx0
2024-07-15,Signs,2002,https://boxd.it/26t2
2024-07-15,Split,2016,https://boxd.it/dgSy
2024-07-15,The Sixth Sense,1999,https://boxd.it/29Js
2024-07-15,Unbreakable,2000,https://boxd.it/1XV2
2024-07-15,Sin City,2005,https://boxd.it/2aVk
2024-07-15,Typhoon Club,1985,https://boxd.it/3Ffw
2024-07-15,Empire of Passion,1978,https://boxd.it/GSS
2024-07-15,The Crazy Family,1984,https://boxd.it/2gie
2024-07-15,Mirrored Mind,2005,https://boxd.it/2MxK
2024-07-15,Angel Dust,1994,https://boxd.it/1esa
2024-07-15,Labyrinth of Dreams,1997,https://boxd.it/2EuS
2024-07-15,Burst City,1982,https://boxd.it/12s8
2024-07-15,Crazy Thunder Road,1980,https://boxd.it/2Vrw
2024-07-15,Theatre: A Love Story,2020,https://boxd.it/mPwU
2024-07-15,Luxurious Bone,2001,https://boxd.it/76b8
2024-07-15,Dolls,2002,https://boxd.it/29pi
2024-07-15,Branded to Kill,1967,https://boxd.it/1HSQ
2024-07-15,Tokyo Drifter,1966,https://boxd.it/OTY
2024-07-15,Graveyard of Honor,1975,https://boxd.it/2pVa
2024-07-15,Kill!,1968,https://boxd.it/14D8
2024-07-15,Versus,2000,https://boxd.it/22uK
2024-07-15,Yakuza: Like a Dragon,2007,https://boxd.it/1oMY
2024-07-15,Sex and Fury,1973,https://boxd.it/1Dgo
2024-07-15,Fudoh: The New Generation,1996,https://boxd.it/1aUE
2024-07-15,Inglourious Basterds,2009,https://boxd.it/1JzG
2024-07-15,Se7en,1995,https://boxd.it/29zs
2024-07-15,There Will Be Blood,2007,https://boxd.it/20Z2
2024-07-15,The Crow,1994,https://boxd.it/1Yxq
2024-07-15,The Banshees of Inisherin,2022,https://boxd.it/p7XS
2024-07-15,No More Comics!,1986,https://boxd.it/2ZMI
2024-07-15,Hear the Wind Sing,1981,https://boxd.it/5ftc
2024-07-15,Kaito Ruby,1988,https://boxd.it/i35I
2024-07-15,Robinson's Garden,1987,https://boxd.it/3y2A
2024-07-15,Miss Lonely,1985,https://boxd.it/7LgI
2024-07-15,Tampopo,1985,https://boxd.it/1SZe
2024-07-15,The World of Kanako,2014,https://boxd.it/7nCq
2024-07-15,Tada's Do-It-All House,2011,https://boxd.it/4dDs
2024-07-15,Dead Vacation,2018,https://boxd.it/rAQg
2024-07-15,The Fly,1986,https://boxd.it/1YIe
2024-07-15,Videodrome,1983,https://boxd.it/29uC
2024-07-15,Crimes of the Future,2022,https://boxd.it/uTuY
2024-07-15,Crash,1996,https://boxd.it/29n2
2024-07-15,A History of Violence,2005,https://boxd.it/2bfa
2024-07-15,Dead Ringers,1988,https://boxd.it/1Yqk
2024-07-15,Men in Black,1997,https://boxd.it/2a0I
2024-07-15,Phantom of the Paradise,1974,https://boxd.it/1s34
2024-07-15,Carrie,1976,https://boxd.it/20ZQ
2024-07-15,Blow Out,1981,https://boxd.it/1TlE
2024-07-15,Carlito's Way,1993,https://boxd.it/226e
2024-07-15,Snake Eyes,1998,https://boxd.it/1ZX0
2024-07-15,The Untouchables,1987,https://boxd.it/2b6i
2024-07-15,Killers of the Flower Moon,2023,https://boxd.it/gHp0
2024-07-15,The King of Comedy,1982,https://boxd.it/2aJS
2024-07-15,Casino,1995,https://boxd.it/2ads
2024-07-15,Shutter Island,2010,https://boxd.it/1U82
2024-07-15,Come and See,1985,https://boxd.it/1w9q
2024-07-15,Amadeus,1984,https://boxd.it/2aH8
2024-07-15,The Thing,1982,https://boxd.it/294O
2024-07-15,La Haine,1995,https://boxd.it/2as8
2024-07-15,Amélie,2001,https://boxd.it/2aUc
2024-07-15,Gladiator,2000,https://boxd.it/2b9m
2024-07-15,Hannibal,2001,https://boxd.it/1XVc
2024-07-15,Warrior,2011,https://boxd.it/i3G
2024-07-15,The Fighter,2010,https://boxd.it/PP4
2024-07-15,Cinderella Man,2005,https://boxd.it/29he
2024-07-15,Million Dollar Baby,2004,https://boxd.it/2bdI
2024-07-15,Gran Torino,2008,https://boxd.it/1Qzy
2024-07-15,Mystic River,2003,https://boxd.it/2aAG
2024-07-15,The Karate Kid Part II,1986,https://boxd.it/1ZJM
2024-07-15,Bloodsport,1988,https://boxd.it/1Tee
2024-07-15,Kickboxer,1989,https://boxd.it/1WMy
2024-07-15,Ong Bak,2003,https://boxd.it/1YZk
2024-07-15,Tekken,2010,https://boxd.it/Xv2
2024-07-15,Chocolate,2008,https://boxd.it/1N1I
2024-07-16,Nosferatu,2024,https://boxd.it/f5eG
2024-07-16,Megalopolis,2024,https://boxd.it/lPBS
2024-07-16,The Outsiders,1983,https://boxd.it/2aPw
2024-07-16,Gantz,2010,https://boxd.it/o8C
2024-07-17,Memento,2000,https://boxd.it/2bcK
2024-07-17,Snatch,2000,https://boxd.it/2b7U
2024-07-17,"Lock, Stock and Two Smoking Barrels",1998,https://boxd.it/2b92
2024-07-17,Watchmen,2009,https://boxd.it/1QE4
2024-07-17,El Camino: A Breaking Bad Movie,2019,https://boxd.it/kv0q
2024-07-17,Django Unchained,2012,https://boxd.it/2cCk
2024-07-17,Once Upon a Time... in Hollywood,2019,https://boxd.it/gH0O
2024-07-17,Jackie Brown,1997,https://boxd.it/2aVO
2024-07-17,The Whale,2022,https://boxd.it/tw4c
2024-07-17,Interstellar,2014,https://boxd.it/4VZ8
2024-07-17,Dunkirk,2017,https://boxd.it/d0Y6
2024-07-17,Tenet,2020,https://boxd.it/leq4
2024-07-17,Inception,2010,https://boxd.it/1skk
2024-07-17,Asako I & II,2018,https://boxd.it/hyNk
2024-07-17,An Elephant Sitting Still,2018,https://boxd.it/i1EQ
2024-07-17,Minority Report,2002,https://boxd.it/2aWi
2024-07-17,The Set-Up,1949,https://boxd.it/1IYA
2024-07-17,Creed,2015,https://boxd.it/a2qk
2024-07-17,Irreversible,2002,https://boxd.it/29as
2024-07-17,Enter the Void,2009,https://boxd.it/1dy2
2024-07-17,And Your Bird Can Sing,2018,https://boxd.it/lavk
2024-07-17,A Long Walk,2006,https://boxd.it/8gR6
2024-07-17,Jean de Florette,1986,https://boxd.it/24gK
2024-07-18,Cobweb,2023,https://boxd.it/y3ag
2024-07-18,My Broken Mariko,2022,https://boxd.it/z2N4
2024-07-18,Pompo the Cinephile,2021,https://boxd.it/pj2a
2024-07-19,"Night Is Short, Walk On Girl",2017,https://boxd.it/ffwA
2024-07-20,American Psycho,2000,https://boxd.it/28Vs
2024-07-20,Blade II,2002,https://boxd.it/1agO
2024-07-20,Blade: Trinity,2004,https://boxd.it/1a8q
2024-07-20,Blade,1998,https://boxd.it/1a8A
2024-07-25,Mahjong,1996,https://boxd.it/uku
2024-07-26,Duel,1971,https://boxd.it/29ui
2024-07-28,Real Steel,2011,https://boxd.it/147m
2024-07-28,March Comes In Like a Lion,1991,https://boxd.it/5DfI
2024-07-29,No Blood No Tears,2002,https://boxd.it/3mOs
2024-07-29,The Unjust,2010,https://boxd.it/eAG
2024-07-29,Arahan,2004,https://boxd.it/1P0M
2024-07-29,Accident,2009,https://boxd.it/1vKq
2024-07-29,The 8 Diagram Pole Fighter,1984,https://boxd.it/1h2a
2024-07-29,The 36th Chamber of Shaolin,1978,https://boxd.it/1SXC
2024-07-29,Dragon Inn,1967,https://boxd.it/3xGa
2024-07-29,Bullet in the Head,1990,https://boxd.it/1SNs
2024-07-29,Duel to the Death,1983,https://boxd.it/Dky
2024-07-29,Riki-Oh: The Story of Ricky,1991,https://boxd.it/1IDs
2024-07-29,Full Alert,1997,https://boxd.it/VT2
2024-07-29,Touching the Skin of Eeriness,2013,https://boxd.it/divG
2024-07-29,Evil Does Not Exist,2023,https://boxd.it/HJrc
2024-07-29,Oresama,2003,https://boxd.it/9XQ8
2024-07-29,Drowning Love,2016,https://boxd.it/es3k
2024-07-29,Sky of Love,2007,https://boxd.it/117o
2024-07-29,Character,2021,https://boxd.it/us2e
2024-07-29,All the Long Nights,2024,https://boxd.it/F3Re
2024-07-29,Green Lantern,2011,https://boxd.it/QN4
2024-07-30,The Transgressor,1974,https://boxd.it/1300
2024-07-30,Roaring Fire,1981,https://boxd.it/11S
2024-07-30,Police Story 3: Super Cop,1992,https://boxd.it/1Uyk
2024-07-30,Police Story 2,1988,https://boxd.it/1VtU
2024-07-30,Bonnie and Clyde,1967,https://boxd.it/2ajg
2024-07-30,Buffalo '66,1998,https://boxd.it/1YC6
2024-07-31,Lesson of the Evil,2012,https://boxd.it/406q
2024-08-01,Blues Harp,1998,https://boxd.it/1b0s
2024-08-01,The Happiness of the Katakuris,2001,https://boxd.it/1KDY
2024-08-01,Visitor Q,2001,https://boxd.it/24DE
2024-08-01,Gozu,2003,https://boxd.it/1RTa
2024-08-01,Imprint,2006,https://boxd.it/al6e
2024-08-01,One Missed Call,2003,https://boxd.it/1Y28
2024-08-01,The Lone Ranger,2013,https://boxd.it/ngU
2024-08-03,The Wolf's Call,2019,https://boxd.it/hqkE
2024-08-04,Tag,2015,https://boxd.it/bjvI
2024-08-04,Prisoners of the Ghostland,2021,https://boxd.it/j0NY
2024-08-04,Punk Samurai Slash Down,2018,https://boxd.it/j4Aa
2024-08-04,Before I Disappear,2014,https://boxd.it/7qG6
2024-08-04,One Flew Over the Cuckoo's Nest,1975,https://boxd.it/2aeA
2024-08-04,Taste of Cherry,1997,https://boxd.it/1m8W
2024-08-04,Dead Poets Society,1989,https://boxd.it/2aSg
2024-08-04,Harold and Maude,1971,https://boxd.it/2axM
2024-08-04,Birdman or (The Unexpected Virtue of Ignorance),2014,https://boxd.it/5RFA
2024-08-04,Cast Away,2000,https://boxd.it/20i8
2024-08-04,Scent of a Woman,1992,https://boxd.it/1YAu
2024-08-04,Detachment,2011,https://boxd.it/2BiY
2024-08-04,Christine,2016,https://boxd.it/bhFm
2024-08-04,Frank,2014,https://boxd.it/5hII
2024-08-04,All About Lily Chou-Chou,2001,https://boxd.it/1JP0
2024-08-04,"Oslo, August 31st",2011,https://boxd.it/2xQC
2024-08-04,Winter Journey,2012,https://boxd.it/70ue
2024-08-04,Through a Glass Darkly,1961,https://boxd.it/1TrW
2024-08-04,"Girl, Interrupted",1999,https://boxd.it/25ds
2024-08-04,Donnie Darko,2001,https://boxd.it/2b2A
2024-08-04,The Others,2001,https://boxd.it/27Po
2024-08-04,The Room,2003,https://boxd.it/1ICY
2024-08-04,The Young Poisoner's Handbook,1995,https://boxd.it/1Jsg
2024-08-04,6ixtynin9,1999,https://boxd.it/1fQC
2024-08-04,Collateral,2004,https://boxd.it/28F0
2024-08-04,Polar,2019,https://boxd.it/hoZg
2024-08-04,Ashes and Diamonds,1958,https://boxd.it/23q0
2024-08-04,Exiled,2006,https://boxd.it/1Pn2
2024-08-04,The Assassin,2015,https://boxd.it/7rdE
2024-08-04,The Accountant,2016,https://boxd.it/9EhI
2024-08-04,Hanna,2011,https://boxd.it/DBE
2024-08-04,Sicario,2015,https://boxd.it/8i7u
2024-08-04,The Iceman,2012,https://boxd.it/2co8
2024-08-04,Killer Joe,2011,https://boxd.it/2vtQ
2024-08-04,The House That Jack Built,2018,https://boxd.it/dWO4
2024-08-04,Natural Born Killers,1994,https://boxd.it/2aNg
2024-08-04,The Golden Glove,2019,https://boxd.it/ih9k
2024-08-04,Angst,1983,https://boxd.it/1G46
2024-08-04,The Forest of Love: Deep Cut,2020,https://boxd.it/qbMc
2024-08-04,Funny Games,1997,https://boxd.it/1WKM
2024-08-04,Zodiac,2007,https://boxd.it/27MO
2024-08-04,Gone Girl,2014,https://boxd.it/6hQu
2024-08-04,Henry: Portrait of a Serial Killer,1986,https://boxd.it/1VCM
2024-08-04,Maniac,1980,https://boxd.it/1s0k
2024-08-04,Mr. Brooks,2007,https://boxd.it/25nW
2024-08-04,Peeping Tom,1960,https://boxd.it/1Utk
2024-08-04,Targets,1968,https://boxd.it/1Fbq
2024-08-04,Heathers,1989,https://boxd.it/26x4
2024-08-04,Dressed to Kill,1980,https://boxd.it/1UO8
2024-08-04,Ali,2001,https://boxd.it/205e
2024-08-05,Drive,2002,https://boxd.it/Pww
2024-08-05,Nightcrawler,2014,https://boxd.it/780m
2024-08-05,The Hateful Eight,2015,https://boxd.it/8gw8
2024-08-05,Children of Men,2006,https://boxd.it/1Y2i
2024-08-05,Primal Fear,1996,https://boxd.it/28ws
2024-08-05,Invisible Waves,2006,https://boxd.it/16WQ
2024-08-05,Snowpiercer,2013,https://boxd.it/3Icg
2024-08-06,Shark Skin Man and Peach Hip Girl,1998,https://boxd.it/19D8
2024-08-06,Raging Fire,2021,https://boxd.it/iBNE
2024-08-06,Yuni,2021,https://boxd.it/tXkw
2024-08-06,The Outsider,2018,https://boxd.it/6190
2024-08-06,Hana,2006,https://boxd.it/1Dly
2024-08-06,Party 7,2000,https://boxd.it/1jL2
2024-08-06,Trava: Fist Planet,2002,https://boxd.it/G9q6
2024-08-06,Helpless,1996,https://boxd.it/3oL6
2024-08-06,The Buried Forest,2005,https://boxd.it/1wuI
2024-08-06,Ruined Heart: Another Lovestory Between a Criminal & a Whore,2014,https://boxd.it/9sge
2024-08-06,Bad Genius,2017,https://boxd.it/ggpM
2024-08-06,Cemetery of Splendor,2015,https://boxd.it/9tIo
2024-08-06,Uncle Boonmee Who Can Recall His Past Lives,2010,https://boxd.it/168Q
2024-08-06,Coming Soon,2008,https://boxd.it/1KmS
2024-08-06,Ploy,2007,https://boxd.it/1OuQ
2024-08-06,One for the Road,2021,https://boxd.it/tbjq
2024-08-06,Han Gong-ju,2013,https://boxd.it/6KZq
2024-08-06,Stand by Me,2018,https://boxd.it/irYM
2024-08-06,Woman on the Beach,2006,https://boxd.it/tKm
2024-08-06,Confession of Murder,2012,https://boxd.it/4uK6
2024-08-06,Miss Baek,2018,https://boxd.it/jSm8
2024-08-06,1987: When the Day Comes,2017,https://boxd.it/fwdq
2024-08-06,Night and Day,2008,https://boxd.it/lGG
2024-08-06,The Silenced,2015,https://boxd.it/brx8
2024-08-06,Bedevilled,2010,https://boxd.it/2iWK
2024-08-06,The Man Standing Next,2020,https://boxd.it/kLHg
2024-08-06,After My Death,2017,https://boxd.it/hoj0
2024-08-06,The Merciless,2017,https://boxd.it/g7ma
2024-08-06,Time to Hunt,2020,https://boxd.it/kYFs
2024-08-06,Asako in Ruby Shoes,2000,https://boxd.it/12Hi
2024-08-06,The Negotiation,2018,https://boxd.it/jNZ0
2024-08-06,Kundo: Age of the Rampant,2014,https://boxd.it/8GE8
2024-08-06,Battles Without Honor and Humanity,1973,https://boxd.it/1e0q
2024-08-06,Battles Without Honor and Humanity: Deadly Fight in Hiroshima,1973,https://boxd.it/xF6
2024-08-06,Black Lizard,1968,https://boxd.it/Wqq
2024-08-06,Battles Without Honor and Humanity: Proxy War,1973,https://boxd.it/xVe
2024-08-06,Battles Without Honor and Humanity: Police Tactics,1974,https://boxd.it/xFg
2024-08-06,Under the Flag of the Rising Sun,1972,https://boxd.it/ajm
2024-08-06,Legend of the Eight Samurai,1983,https://boxd.it/Ko8
2024-08-06,Yakuza Graveyard,1976,https://boxd.it/Zs
2024-08-06,Doberman Cop,1977,https://boxd.it/3dPm
2024-08-06,Dancing Mary,2019,https://boxd.it/nKJ2
2024-08-06,Chasuke's Journey,2015,https://boxd.it/amQM
2024-08-06,Days,2020,https://boxd.it/oEE8
2024-08-07,Shin Kamen Rider,2023,https://boxd.it/uDlw
2024-08-07,Kamen Rider ZO,1993,https://boxd.it/5GQi
2024-08-07,Kamen Rider J,1994,https://boxd.it/5DEI
2024-08-07,Shin Kamen Rider: Prologue,1992,https://boxd.it/5RN0
2024-08-07,Paul,2011,https://boxd.it/13uE
2024-08-07,Shaun of the Dead,2004,https://boxd.it/29J8
2024-08-07,Hot Fuzz,2007,https://boxd.it/2416
2024-08-07,Parasite in Love,2021,https://boxd.it/qyhw
2024-08-07,Chronicle,2012,https://boxd.it/2Emk
2024-08-07,The King of Kong: A Fistful of Quarters,2007,https://boxd.it/1P2y
2024-08-08,Taste of Emptiness,2017,https://boxd.it/qHTO
2024-08-08,Love and Monsters,2020,https://boxd.it/lJ6E
2024-08-08,Elysium,2013,https://boxd.it/2cBm
2024-08-08,Mortal Engines,2018,https://boxd.it/fahg
2024-08-08,Bushido: The Cruel Code of the Samurai,1963,https://boxd.it/3bdq
2024-08-08,Bohachi Bushido: Code of the Forgotten Eight,1973,https://boxd.it/39R4
2024-08-08,Bohachi Bushido: The Villain,1974,https://boxd.it/3Awi
2024-08-08,Noroi: The Curse,2005,https://boxd.it/1BN6
2024-08-08,Occult,2009,https://boxd.it/3VFU
2024-08-08,A Record of Sweet Murder,2014,https://boxd.it/98su
2024-08-08,Carved: The Slit-Mouthed Woman,2007,https://boxd.it/1vd2
2024-08-08,Alley Cat,2017,https://boxd.it/gudK
2024-08-09,The Accomplice,1999,https://boxd.it/o398
2024-08-10,Sometimes I Think About Dying,2023,https://boxd.it/xGlg
2024-08-11,Knock Off,1998,https://boxd.it/18cU
2024-08-11,Once Upon a Time in China,1991,https://boxd.it/1VOy
2024-08-11,Dangerous Encounters of the First Kind,1980,https://boxd.it/3xOy
2024-08-11,Peking Opera Blues,1986,https://boxd.it/13fO
2024-08-11,Double Team,1997,https://boxd.it/1YLs
2024-08-11,Small Soldiers,1998,https://boxd.it/1TzQ
2024-08-11,The 'Burbs,1989,https://boxd.it/1SDi
2024-08-11,Gremlins 2: The New Batch,1990,https://boxd.it/29g6
2024-08-11,The Howling,1981,https://boxd.it/1Uce
2024-08-11,The Goonies,1985,https://boxd.it/1YVC
2024-08-11,The Omen,1976,https://boxd.it/29By
2024-08-11,Lethal Weapon,1987,https://boxd.it/29e0
2024-08-11,Superman,1978,https://boxd.it/27Qm
2024-08-11,Twilight Zone: The Movie,1983,https://boxd.it/1Mtw
2024-08-11,An American Werewolf in London,1981,https://boxd.it/29yk
2024-08-11,The Blues Brothers,1980,https://boxd.it/2adi
2024-08-11,Dog Day Afternoon,1975,https://boxd.it/29bg
2024-08-12,Three Thousand Years of Longing,2022,https://boxd.it/kmoy
2024-08-12,Last Letter,2020,https://boxd.it/jNba
2024-08-12,Limbo,2021,https://boxd.it/lLRW
2024-08-12,SPL 2: A Time for Consequences,2015,https://boxd.it/aSZG
2024-08-12,Mad Fate,2023,https://boxd.it/ABnC
2024-08-12,18×2 Beyond Youthful Days,2024,https://boxd.it/J4Lk
2024-08-12,Short Vacation,2020,https://boxd.it/rSDa
2024-08-12,Little Forest,2018,https://boxd.it/fYHI
2024-08-12,Kubi,2023,https://boxd.it/tUpy
2024-08-13,Every Day a Good Day,2018,https://boxd.it/jzNO
2024-08-13,MOTHER,2020,https://boxd.it/q7mE
2024-08-13,Disconcerto,2014,https://boxd.it/94dU
2024-08-13,The Ravine of Goodbye,2013,https://boxd.it/5ZXs
2024-08-13,Knox Goes Away,2023,https://boxd.it/AJsA
2024-08-14,Brave Citizen,2023,https://boxd.it/xTvI
2024-08-14,Yoko,2023,https://boxd.it/Feq4
2024-08-14,Killing Romance,2023,https://boxd.it/s1sK
2024-08-14,A Letter from Kyoto,2022,https://boxd.it/CCWs
2024-08-14,Ripples,2023,https://boxd.it/EdmI
2024-08-14,If Only I Could Hibernate,2023,https://boxd.it/Bhzq
2024-08-14,Exhuma,2024,https://boxd.it/vCu0
2024-08-16,She Shoots Straight,1990,https://boxd.it/Pvy
2024-08-16,The Sword,1980,https://boxd.it/2wHO
2024-08-17,A Hard Day,2014,https://boxd.it/85lS
2024-08-17,Tunnel,2016,https://boxd.it/dDq8
2024-08-18,Superbad,2007,https://boxd.it/20hO
2024-08-25,The Thin Red Line,1998,https://boxd.it/1ZTM
2024-08-25,Starship Troopers,1997,https://boxd.it/2a7k
2024-08-25,Basic Instinct,1992,https://boxd.it/2asM
2024-08-25,Showgirls,1995,https://boxd.it/1Vmk
2024-08-25,Hollow Man,2000,https://boxd.it/1YP0
2024-08-25,Die Hard With a Vengeance,1995,https://boxd.it/28zG
2024-08-25,The Hunt for Red October,1990,https://boxd.it/28lk
2024-08-25,Last Action Hero,1993,https://boxd.it/1YhW
2024-08-25,The Thomas Crown Affair,1999,https://boxd.it/29im
2024-08-25,The Lighthouse,2019,https://boxd.it/icFU
2024-08-25,The Witch,2015,https://boxd.it/9X0m
2024-08-25,The Northman,2022,https://boxd.it/nK2s
2024-08-25,Touch of Evil,1958,https://boxd.it/28II
2024-08-25,The Trial,1962,https://boxd.it/25Xg
2024-08-25,The Killer,2023,https://boxd.it/u6WE
2024-08-25,Alien³,1992,https://boxd.it/20zS
2024-08-31,Swiss Army Man,2016,https://boxd.it/bDG2
2024-08-31,Talking Head,1992,https://boxd.it/3MiC
2024-08-31,Patlabor 2: The Movie,1993,https://boxd.it/1NP4
2024-08-31,Stray Dog: Kerberos Panzer Cops,1991,https://boxd.it/bCu
2024-08-31,Twelve Monkeys,1995,https://boxd.it/2beQ
2024-08-31,RED,2010,https://boxd.it/13uu
2024-08-31,Monkey Man,2024,https://boxd.it/kvsO
2024-08-31,Moneyball,2011,https://boxd.it/glS
2024-08-31,This Is the End,2013,https://boxd.it/3GB4
2024-08-31,Good Will Hunting,1997,https://boxd.it/2ahY
2024-08-31,The Last Duel,2021,https://boxd.it/mQbe
2024-08-31,Kinds of Kindness,2024,https://boxd.it/CWPw
2024-09-01,Paradox,2017,https://boxd.it/g8GU
2024-09-01,SPL: Kill Zone,2005,https://boxd.it/1QLO
2024-09-01,Suddenly in the Dark,1981,https://boxd.it/45Cw
2024-09-01,The Sting,1973,https://boxd.it/1Z5s
2024-09-01,Virgin Blue,2021,https://boxd.it/vVGk
2024-09-01,Johnny Mnemonic,1995,https://boxd.it/1XBQ
2024-09-02,The World of You,2021,https://boxd.it/wVFy
2024-09-02,Shinjuku Triad Society,1995,https://boxd.it/1aZa
2024-09-02,Election,2005,https://boxd.it/2lDm
2024-09-02,Vengeance,2009,https://boxd.it/1G6c
2024-09-02,Future Cops,1993,https://boxd.it/6es
2024-09-03,Somewhere on Earth,2001,https://boxd.it/nVRm
2024-09-03,"Mary Is Happy, Mary Is Happy.",2013,https://boxd.it/7kDq
2024-09-03,Heart Attack,2015,https://boxd.it/c6uu
2024-09-03,Fast & Feel Love,2022,https://boxd.it/xAKk
2024-09-03,Evil Dead,2013,https://boxd.it/3GPq
2024-09-03,Evil Dead II,1987,https://boxd.it/29Ge
2024-09-03,Army of Darkness,1992,https://boxd.it/29G4
2024-09-03,Don't Breathe,2016,https://boxd.it/9yzw
2024-09-03,Vivarium,2019,https://boxd.it/gmVE
2024-09-03,Kung Fury,2015,https://boxd.it/7mSM
2024-09-03,Fractured,2019,https://boxd.it/kPL2
2024-09-03,The Machinist,2004,https://boxd.it/248c
2024-09-03,The Game,1997,https://boxd.it/26vC
2024-09-03,Hell Dogs,2022,https://boxd.it/yi3O
2024-09-03,Bad Lands,2023,https://boxd.it/GRAk
2024-09-03,Bounce Ko Gals,1997,https://boxd.it/1sgC
2024-09-04,House of Gucci,2021,https://boxd.it/nVkC
2024-09-04,The Sentimental Swordsman,1977,https://boxd.it/4JSu
2024-09-06,Mona Lisa and the Blood Moon,2021,https://boxd.it/iXY0
2024-09-06,The Call,2020,https://boxd.it/l94W
2024-09-06,Serpent's Path,2024,https://boxd.it/Gd52
2024-09-06,Penance,2012,https://boxd.it/IDOc
2024-09-06,Doppelganger,2003,https://boxd.it/1hra
2024-09-06,Wife of a Spy,2020,https://boxd.it/pHCc
2024-09-06,Actually...,2022,https://boxd.it/A78C
2024-09-06,Creepy,2016,https://boxd.it/dfd0
2024-09-07,Bram Stoker's Dracula,1992,https://boxd.it/223a
2024-09-07,Speed,1994,https://boxd.it/28qk
2024-09-07,Point Break,1991,https://boxd.it/2958
2024-09-07,The Devil's Advocate,1997,https://boxd.it/286k
2024-09-07,Asteroid City,2023,https://boxd.it/s3ds
2024-09-07,"Crazy, Stupid, Love.",2011,https://boxd.it/D9A
2024-09-07,The Big Short,2015,https://boxd.it/ajZw
2024-09-07,The Shinjuku Love Story,1987,https://boxd.it/dYxk
2024-09-07,Helter Skelter,2012,https://boxd.it/3ybW
2024-09-07,Sakuran,2006,https://boxd.it/1DuK
2024-09-07,Funeral Parade of Roses,1969,https://boxd.it/28Cg
2024-09-07,Belladonna of Sadness,1973,https://boxd.it/2q
2024-09-07,Tropic Thunder,2008,https://boxd.it/20WM
2024-09-07,King Kong,2005,https://boxd.it/2aLa
2024-09-07,Be Kind Rewind,2008,https://boxd.it/23Au
2024-09-07,Tokyo!,2008,https://boxd.it/1ZxG
2024-09-08,Zoolander,2001,https://boxd.it/1YMA
2024-09-08,Idiocracy,2006,https://boxd.it/20RW
2024-09-08,Office Space,1999,https://boxd.it/28Em
2024-09-08,Mitsugetsu,1984,https://boxd.it/5frA
2024-09-08,Flic,2005,https://boxd.it/9POy
2024-09-09,Rebel Ridge,2024,https://boxd.it/nZum
2024-09-10,The Childe,2023,https://boxd.it/DZPG
2024-09-10,The Witch: Part 1. The Subversion,2018,https://boxd.it/jhIm
2024-09-10,Night in Paradise,2020,https://boxd.it/moeE
2024-09-10,The Witch: Part 2. The Other One,2022,https://boxd.it/mKFM
2024-09-10,Better Days,2019,https://boxd.it/l9Ke
2024-09-10,My Rainy Days,2009,https://boxd.it/TYE
2024-09-11,The Shadow Strays,2024,https://boxd.it/HySw
2024-09-11,The Night Comes for Us,2018,https://boxd.it/g2lc
2024-09-11,Headshot,2016,https://boxd.it/ebLk
2024-09-11,The Big 4,2022,https://boxd.it/pusy
2024-09-11,Breathless,1960,https://boxd.it/2aIK
2024-09-11,Pierrot le Fou,1965,https://boxd.it/26j2
2024-09-11,Le Doulos,1962,https://boxd.it/1CVg
2024-09-12,Flowers of Shanghai,1998,https://boxd.it/Omq
2024-09-12,A City of Sadness,1989,https://boxd.it/EIm
2024-09-13,Prison on Fire,1987,https://boxd.it/w2C
2024-09-13,Maximum Risk,1996,https://boxd.it/1VcY
2024-09-13,Full Contact,1992,https://boxd.it/1sAC
2024-09-13,Twin Dragons,1992,https://boxd.it/1GmE
2024-09-13,Triangle,2007,https://boxd.it/1hCs
2024-09-13,How to Make Millions Before Grandma Dies,2024,https://boxd.it/FLa4
2024-09-13,Lawrence of Arabia,1962,https://boxd.it/2wRE
2024-09-13,Sparrow,2008,https://boxd.it/20YS
2024-09-13,Righting Wrongs,1986,https://boxd.it/8NY
2024-09-13,The Transporter,2002,https://boxd.it/24Nu
2024-09-13,"Yes, Madam!",1985,https://boxd.it/13EE
2024-09-13,"No Retreat, No Surrender",1986,https://boxd.it/1RkO
2024-09-13,Five Fingers of Death,1972,https://boxd.it/1Bfy
2024-09-13,The Longest Nite,1998,https://boxd.it/103g
2024-09-13,The Empty Hands,2017,https://boxd.it/hskQ
2024-09-13,Indiana Jones and the Last Crusade,1989,https://boxd.it/2baO
2024-09-13,Indiana Jones and the Temple of Doom,1984,https://boxd.it/2bb8
2024-09-13,Alita: Battle Angel,2019,https://boxd.it/e0rS
2024-09-13,The Departed,2006,https://boxd.it/28MA
2024-09-13,Chinatown,1974,https://boxd.it/29vU
2024-09-13,A Few Good Men,1992,https://boxd.it/29nw
2024-09-14,Dust of Angels,1992,https://boxd.it/6a3U
2024-09-14,Eyes Wide Shut,1999,https://boxd.it/2axs
2024-09-14,Magnolia,1999,https://boxd.it/2aze
2024-09-14,Vanilla Sky,2001,https://boxd.it/27TK
2024-09-14,The Last Samurai,2003,https://boxd.it/29ZA
2024-09-15,Vampire Girl vs. Frankenstein Girl,2009,https://boxd.it/1ai6
2024-09-15,Helldriver,2010,https://boxd.it/2D08
2024-09-15,Mutant Girls Squad,2010,https://boxd.it/Bn6
2024-09-15,Anatomia Extinction,1995,https://boxd.it/3yS2
2024-09-15,Atomic Blonde,2017,https://boxd.it/blDk
2024-09-16,Revenge,2017,https://boxd.it/gL9g
2024-09-16,Phantom Thread,2017,https://boxd.it/e4uc
2024-09-17,No Tears for the Dead,2014,https://boxd.it/7W0m
2024-09-17,Wicked City,1987,https://boxd.it/1BSA
2024-09-17,Neo Tokyo,1987,https://boxd.it/18ls
2024-09-17,Ninja Scroll,1993,https://boxd.it/1Ooe
2024-09-17,Vampire Hunter D: Bloodlust,2000,https://boxd.it/1L3i
2024-09-17,Wheels on Meals,1984,https://boxd.it/1Unm
2024-09-17,The Magnificent Butcher,1979,https://boxd.it/1Ghk
2024-09-17,The Iron-Fisted Monk,1977,https://boxd.it/130E
2024-09-17,Mr. Nice Guy,1997,https://boxd.it/1VNK
2024-09-17,Dragons Forever,1988,https://boxd.it/1BtK
2024-09-17,Kamikaze Girls,2004,https://boxd.it/1ucC
2024-09-17,Goth,2008,https://boxd.it/13xS
2024-09-17,Kaiba,2008,https://boxd.it/qIGc
2024-09-17,A Haunting Hitchhike,2017,https://boxd.it/hCf2
2024-09-17,Streetwise,2021,https://boxd.it/vy8E
2024-09-18,Remember the Titans,2000,https://boxd.it/1VLk
2024-09-18,When Evil Lurks,2023,https://boxd.it/rXBe
2024-09-18,Ryuji,1983,https://boxd.it/3fHO
2024-09-18,Kaili Blues,2015,https://boxd.it/cksW
2024-09-18,"Black Coal, Thin Ice",2014,https://boxd.it/7xaw
2024-09-18,Railroad Man,1999,https://boxd.it/2ck6
2024-09-18,Station,1981,https://boxd.it/3Qce
2024-09-18,Demon,1985,https://boxd.it/53re
2024-09-18,Pornostar,1998,https://boxd.it/1fYc
2024-09-19,Your Eyes Tell,2020,https://boxd.it/rnAu
2024-09-19,Hidden Blade,2023,https://boxd.it/wjgq
2024-09-20,Liverleaf,2018,https://boxd.it/hZDm
2024-09-20,The Girl with the Dragon Tattoo,2011,https://boxd.it/2Pa
2024-09-20,The Girl with the Dragon Tattoo,2009,https://boxd.it/1Mb8
2024-09-21,Kyrie,2023,https://boxd.it/GcpU
2024-09-23,The Fisher King,1991,https://boxd.it/2aWM
2024-09-23,The Narrow Road,2022,https://boxd.it/Aapc
2024-09-23,Mad World,2016,https://boxd.it/eALk
2024-09-23,Echoes of the Rainbow,2010,https://boxd.it/13kO
2024-09-23,Mr. Cinema,2007,https://boxd.it/aL3U
2024-09-23,Dumplings,2004,https://boxd.it/1ZgA
2024-09-23,Little Cheung,1999,https://boxd.it/1GfS
2024-09-23,Durian Durian,2000,https://boxd.it/2QXW
2024-09-23,Three... Extremes,2004,https://boxd.it/1eGw
2024-09-23,Made in Hong Kong,1997,https://boxd.it/1uFk
2024-09-23,Hollywood Hong Kong,2001,https://boxd.it/gqo
2024-09-23,Inside Man,2006,https://boxd.it/2auS
2024-09-23,Rosemary's Baby,1968,https://boxd.it/29zM
2024-09-23,The Negotiator,1998,https://boxd.it/1YbO
2024-09-23,3:10 to Yuma,2007,https://boxd.it/23g0
2024-09-24,What Is Love?,2018,https://boxd.it/jgIA
2024-09-24,Over the Town,2019,https://boxd.it/sBnQ
2024-09-24,Mission: Impossible,1996,https://boxd.it/29d2
2024-09-24,Mission: Impossible II,2000,https://boxd.it/29cS
2024-09-24,Mission: Impossible – Ghost Protocol,2011,https://boxd.it/psI
2024-09-24,Mission: Impossible – Fallout,2018,https://boxd.it/bSVc
2024-09-24,Red Dragon,2002,https://boxd.it/1Yrs
2024-09-24,Chicago,2002,https://boxd.it/28zm
2024-09-24,Tokyo Story,1953,https://boxd.it/1HuY
2024-09-24,Punch-Drunk Love,2002,https://boxd.it/20E4
2024-09-24,The Burmese Harp,1956,https://boxd.it/1fKa
2024-09-24,Beauty and the Beast,1946,https://boxd.it/29UA
2024-09-24,Raise the Red Lantern,1991,https://boxd.it/1WlC
2024-09-24,Persona,1966,https://boxd.it/29B4
2024-09-24,The Manchurian Candidate,1962,https://boxd.it/299Y
2024-09-24,The Invisible Man,1933,https://boxd.it/1VoK
2024-09-24,Frankenstein,1931,https://boxd.it/25Te
2024-09-24,Bride of Frankenstein,1935,https://boxd.it/2aPc
2024-09-24,Things to Come,1936,https://boxd.it/258i
2024-09-24,Invaders from Mars,1953,https://boxd.it/1Dvo
2024-09-24,Killer Klowns from Outer Space,1988,https://boxd.it/1Kpi
2024-09-24,Vivre Sa Vie,1962,https://boxd.it/28s6
2024-09-24,La Chinoise,1967,https://boxd.it/28rC
2024-09-24,Alphaville,1965,https://boxd.it/20AG
2024-09-24,The Visitor,1979,https://boxd.it/vdO
2024-09-24,Annihilation,2018,https://boxd.it/9yzm
2024-09-24,Ex Machina,2015,https://boxd.it/7T2k
2024-09-24,Civil War,2024,https://boxd.it/z1jW
2024-09-25,Godzilla vs. Kong,2021,https://boxd.it/e0qK
2024-09-25,Barber's Tales,2013,https://boxd.it/6D80
2024-09-25,Cold Eyes,2013,https://boxd.it/68Ai
2024-09-25,Young Adult Matters,2020,https://boxd.it/oZf4
2024-09-25,Triangle,2009,https://boxd.it/1tQG
2024-09-25,The Machine Girl,2008,https://boxd.it/1P1K
2024-09-25,Barry Lyndon,1975,https://boxd.it/25A2
2024-09-25,Side By Side,2023,https://boxd.it/EIQk
2024-09-25,Ichiko,2023,https://boxd.it/IpPA
2024-09-25,Single8,2022,https://boxd.it/DJRQ
2024-09-25,The Monk and the Gun,2023,https://boxd.it/G0jK
2024-09-25,Handsome Guys,2024,https://boxd.it/rE4g
2024-09-26,Ronin,1998,https://boxd.it/20wa
2024-09-26,Brazil,1985,https://boxd.it/2be2
2024-09-26,Cape Fear,1991,https://boxd.it/28vu
2024-09-27,Project Wolf Hunting,2022,https://boxd.it/u5n4
2024-09-27,The Chase,2017,https://boxd.it/hAMe
2024-09-27,Asura: The City of Madness,2016,https://boxd.it/enJU
2024-09-27,Warning: Do Not Play,2019,https://boxd.it/mevg
2024-09-27,The Human Condition I: No Greater Love,1959,https://boxd.it/1jAy
2024-09-27,I Know What You Did Last Summer,1997,https://boxd.it/2588
2024-09-27,I Still Know What You Did Last Summer,1998,https://boxd.it/257O
2024-09-27,Leave the World Behind,2023,https://boxd.it/re0i
2024-09-30,The Celebration,1998,https://boxd.it/2aCM
2024-09-30,Another Round,2020,https://boxd.it/lkba
2024-10-01,100 Yards,2023,https://boxd.it/Gta8
2024-10-01,Bad City,2022,https://boxd.it/Bjq6
2024-10-01,Escape from the 21st Century,2024,https://boxd.it/LcC0
2024-10-01,Silent Night,2023,https://boxd.it/xEF4
2024-10-01,Bad Blood,2023,https://boxd.it/H4xI
2024-10-01,One-Percenter,2023,https://boxd.it/CFUk
2024-10-01,The Final Master,2015,https://boxd.it/d8oA
2024-10-01,Chasing Dream,2019,https://boxd.it/mw8u
2024-10-01,The Housemaid,1960,https://boxd.it/WJs
2024-10-01,Woman in the Dunes,1964,https://boxd.it/1JNS
2024-10-01,The Breaking Ice,2023,https://boxd.it/yM7G
2024-10-01,The Asadas!,2020,https://boxd.it/lA2e
2024-10-01,Mermaid Legend,1984,https://boxd.it/5bGc
2024-10-01,Yanagawa,2021,https://boxd.it/oBGq
2024-10-01,Sleep,2023,https://boxd.it/Aqmo
2024-10-01,One Hour Photo,2002,https://boxd.it/1YT2
2024-10-01,Curse of the Dog God,1977,https://boxd.it/2LSM
2024-10-01,Gray Sunset,1985,https://boxd.it/bjh2
2024-10-01,Labyrinth Romanesque,1988,https://boxd.it/dRYI
2024-10-01,Strange Darling,2023,https://boxd.it/CVIk
2024-10-01,First Reformed,2017,https://boxd.it/go9C
2024-10-03,Dead Talents Society,2024,https://boxd.it/C3y6
2024-10-05,The Sleeping Car Murder,1965,https://boxd.it/24w4
2024-10-06,Door,1988,https://boxd.it/egQY
2024-10-06,Southpaw,2015,https://boxd.it/9Phu
2024-10-06,Training Day,2001,https://boxd.it/27A4
2024-10-06,The Equalizer,2014,https://boxd.it/4TUK
2024-10-21,The Story of a Man Among Men,1984,https://boxd.it/jzgq
2024-10-23,Love on Delivery,1994,https://boxd.it/xdc
2024-10-24,The Grandmaster,2013,https://boxd.it/QU0
2024-10-24,The Water Flows to the Sea,2023,https://boxd.it/DQL6
2024-10-27,Brotherhood of the Wolf,2001,https://boxd.it/21OY
2024-10-28,Caught by the Tides,2024,https://boxd.it/GZ4Q
2024-10-30,The Zone of Interest,2023,https://boxd.it/gJsA
2024-10-31,Hanagatami,2017,https://boxd.it/hnUO
2024-11-05,Take Out,2004,https://boxd.it/17DA
2024-11-05,A Brighter Summer Day,1991,https://boxd.it/1Luy
2024-11-07,Jacob's Ladder,1990,https://boxd.it/270g
2024-11-08,In the Mouth of Madness,1994,https://boxd.it/26vi
2024-11-12,The Family Game,1983,https://boxd.it/3TDi
2024-11-17,Dream Home,2010,https://boxd.it/FoW
2024-11-20,The Iron Claw,2023,https://boxd.it/w5Pm
2024-11-20,Pale Flower,1964,https://boxd.it/dGS
2024-11-20,Killers on Parade,1961,https://boxd.it/4ke0
2024-11-21,"Comrades, Almost a Love Story",1996,https://boxd.it/18QU
2024-11-21,The Remarkable Life of Ibelin,2024,https://boxd.it/Iftk
2024-11-22,Tetsuo: The Iron Man,1989,https://boxd.it/ZoM
2024-11-23,Dog Bite Dog,2006,https://boxd.it/1Nkq
2024-11-24,The Lobster,2015,https://boxd.it/7tnw
2024-11-24,The Favourite,2018,https://boxd.it/d2hI
2024-11-24,Shiri,1999,https://boxd.it/1Wtc
2024-11-25,Thief,1981,https://boxd.it/1TEc
2024-11-25,Manhunter,1986,https://boxd.it/1TOw
2024-11-25,The Insider,1999,https://boxd.it/1ZoE
2024-11-26,Prisoners,2013,https://boxd.it/4E5i
2024-11-27,Jack Reacher,2012,https://boxd.it/2BUo
2024-11-28,Be Water,2020,https://boxd.it/oiP4
2024-11-29,Smuggler,2011,https://boxd.it/3fLG
2024-11-30,Death Sentence,2007,https://boxd.it/1SYA
2024-11-30,Takeshis',2005,https://boxd.it/1DDM
2024-12-01,Ashes of Time,1994,https://boxd.it/111K
2024-12-01,Mean Streets,1973,https://boxd.it/2aSU
2024-12-01,Days of Being Wild,1990,https://boxd.it/1HbC
2024-12-01,Happy Together,1997,https://boxd.it/1Ha0
2024-12-01,My Blueberry Nights,2007,https://boxd.it/27H0
2024-12-01,One-Tenth of a Millimeter Apart,2021,https://boxd.it/uDdM
2024-12-01,Dachimawa Lee,2008,https://boxd.it/1EoI
2024-12-01,The Berlin File,2013,https://boxd.it/515K
2024-12-01,Smugglers,2023,https://boxd.it/trRe
2024-12-01,Escape from Mogadishu,2021,https://boxd.it/mrOq
2024-12-01,The Battleship Island,2017,https://boxd.it/fucg
2024-12-01,The Woman Who Ran,2020,https://boxd.it/oEEi
2024-12-01,Mother,2009,https://boxd.it/1m9g
2024-12-01,No Other Choice,2025,https://boxd.it/nKiA
2024-12-01,Tamako in Moratorium,2013,https://boxd.it/7miO
2024-12-01,Let's Go Karaoke!,2023,https://boxd.it/Evuq
2024-12-01,Over the Fence,2016,https://boxd.it/f2kw
2024-12-01,The Drudgery Train,2012,https://boxd.it/4sPy
2024-12-01,Ramblers,2003,https://boxd.it/1lai
2024-12-01,La La La at Rock Bottom,2015,https://boxd.it/ahLW
2024-12-01,No One's Ark,2003,https://boxd.it/3uhm
2024-12-01,New Religion,2022,https://boxd.it/BX5s
2024-12-01,Persona,2000,https://boxd.it/4TgA
2024-12-01,St. John's Wort,2001,https://boxd.it/3FuG
2024-12-02,"That Day, on the Beach",1983,https://boxd.it/3Blg
2024-12-02,Pacifiction,2022,https://boxd.it/pOfa
2024-12-02,Steamboy,2004,https://boxd.it/1ZvA
2024-12-02,Izo,2004,https://boxd.it/1REO
2024-12-02,Asakusa Kid,2021,https://boxd.it/sRiW
2024-12-02,Dead or Alive: Final,2002,https://boxd.it/1b3c
2024-12-04,Séance,2000,https://boxd.it/1r4A
2024-12-04,Barren Illusion,1999,https://boxd.it/3xjq
2024-12-04,The Road,2009,https://boxd.it/1CWI
2024-12-04,Achilles and the Tortoise,2008,https://boxd.it/1SnO
2024-12-05,The Chef of South Polar,2009,https://boxd.it/3BkM
2024-12-05,The Fish Tale,2022,https://boxd.it/zWNu
2024-12-05,The Woodsman and the Rain,2011,https://boxd.it/42pk
2024-12-05,"Mori, The Artist's Habitat",2018,https://boxd.it/ixYI
2024-12-05,Glory to the Filmmaker!,2007,https://boxd.it/1lm4
2024-12-05,Ryuzo and the Seven Henchmen,2015,https://boxd.it/abB2
2024-12-05,Outrage Coda,2017,https://boxd.it/g89G
2024-12-05,The Color of Money,1986,https://boxd.it/1SSM
2024-12-05,Beyond Outrage,2012,https://boxd.it/41D6
2024-12-05,"Go, Go Second Time Virgin",1969,https://boxd.it/2dkc
2024-12-05,Land of Broken Hearts,2024,https://boxd.it/MxzI
2024-12-06,Shadow of Fire,2023,https://boxd.it/EL86
2024-12-07,Spriggan,1998,https://boxd.it/1JHU
2024-12-08,Cowboy Bebop: The Movie,2001,https://boxd.it/1Uc4
2024-12-08,Metropolis,2001,https://boxd.it/1YfQ
2024-12-08,The Green Knight,2021,https://boxd.it/kuy2
2024-12-08,Black Swan,2010,https://boxd.it/Sw0
2024-12-08,Logan,2017,https://boxd.it/7Piy
2024-12-08,The Time to Live and the Time to Die,1985,https://boxd.it/Oc6
2024-12-09,Samurai Rebellion,1967,https://boxd.it/2loc
2024-12-09,No More Bets,2023,https://boxd.it/Gqpu
2024-12-10,Paco and the Magical Book,2008,https://boxd.it/2dD4
2024-12-10,My Tutor Friend,2003,https://boxd.it/1H6M
2024-12-11,Believer,2018,https://boxd.it/iOxY
2024-12-11,The Suspect,2013,https://boxd.it/77N8
2024-12-11,Memoir of a Murderer,2017,https://boxd.it/flU4
2024-12-11,Gonjiam: Haunted Asylum,2018,https://boxd.it/ioyw
2024-12-11,Shark: The Beginning,2021,https://boxd.it/uaOa
2024-12-17,The Tin Mine,2005,https://boxd.it/7lSG
2024-12-28,The Red Spectacles,1987,https://boxd.it/1lMc
2024-12-29,Kill Boksoon,2023,https://boxd.it/w53W
2024-12-29,Hydra,2019,https://boxd.it/mnxK
2024-12-29,The Gesuidouz,2024,https://boxd.it/OrDy
2024-12-30,Snowball,2020,https://boxd.it/oULY
2024-12-30,Pan's Labyrinth,2006,https://boxd.it/28No
2024-12-30,The Shape of Water,2017,https://boxd.it/dZ5m
2024-12-30,Guillermo del Toro's Pinocchio,2022,https://boxd.it/kjMW
2024-12-30,Nightmare Alley,2021,https://boxd.it/m0HC
2024-12-31,Hear Me: Our Summer,2024,https://boxd.it/HVTC
2025-01-02,Fatal Frame,2014,https://boxd.it/9pX0
2025-01-02,Beasts Clawing at Straws,2020,https://boxd.it/kZ9i
2025-01-02,Street Mobster,1972,https://boxd.it/1BBY
2025-01-02,Battles Without Honor and Humanity: Final Episode,1974,https://boxd.it/rU
2025-01-02,Cops vs. Thugs,1975,https://boxd.it/3dQY
2025-01-02,New Battles Without Honor and Humanity 1,1974,https://boxd.it/2fue
2025-01-02,New Battles Without Honor and Humanity 2: Head of the Boss,1975,https://boxd.it/2fu4
2025-01-02,Violent Panic: The Big Crash,1976,https://boxd.it/7AdS
2025-01-02,The Wild Goose Lake,2019,https://boxd.it/l8bs
2025-01-02,Goyokin,1969,https://boxd.it/GfQ
2025-01-03,Flying Colors,2015,https://boxd.it/bJVW
2025-01-03,Suzaku,1997,https://boxd.it/19yC
2025-01-03,Another Lonely Hitman,1995,https://boxd.it/5vYq
2025-01-03,Azumi,2003,https://boxd.it/22pK
2025-01-03,Tucker and Dale vs. Evil,2010,https://boxd.it/Mce
2025-01-03,Electric Dragon 80000V,2001,https://boxd.it/1sew
2025-01-04,Amiko,2022,https://boxd.it/vfZ0
2025-01-04,Crying Out Love in the Center of the World,2004,https://boxd.it/1bme
2025-01-04,"My God, My God, Why Hast Thou Forsaken Me?",2005,https://boxd.it/3jg8
2025-01-04,Ash,2025,https://boxd.it/z5n4
2025-01-04,Man in Love,2021,https://boxd.it/u1t8
2025-01-04,The Beauty Inside,2015,https://boxd.it/bfC6
2025-01-06,Speed Racer,2008,https://boxd.it/20UQ
2025-01-08,A Confucian Confusion,1994,https://boxd.it/uNc
2025-01-08,Kubo and the Two Strings,2016,https://boxd.it/a4wE
2025-01-09,At Eternity's Gate,2018,https://boxd.it/hI40
2025-01-09,Autumn Sonata,1978,https://boxd.it/1Rio
2025-01-09,The Seventh Seal,1957,https://boxd.it/2ahO
2025-01-09,Wild Strawberries,1957,https://boxd.it/29ZU
2025-01-09,"Goodbye South, Goodbye",1996,https://boxd.it/38zI
2025-01-09,One-Armed Boxer,1972,https://boxd.it/EKM
2025-01-09,Hour of the Wolf,1968,https://boxd.it/1H9G
2025-01-09,The Puppetmaster,1993,https://boxd.it/3lA0
2025-01-09,The Silent Sea,2021,https://boxd.it/yF9K
2025-01-09,The Drug King,2018,https://boxd.it/hWkG
2025-01-10,Misery,1990,https://boxd.it/28gY
2025-01-10,Lady Snowblood 2: Love Song of Vengeance,1974,https://boxd.it/1Ggm
2025-01-10,Officer Black Belt,2024,https://boxd.it/H6xA
2025-01-10,Once Upon a Time in China II,1992,https://boxd.it/1VOo
2025-01-11,A Little Red Flower,2020,https://boxd.it/qR3y
2025-01-11,19,2000,https://boxd.it/1aUY
2025-01-11,Echo of Silence,2008,https://boxd.it/8ncO
2025-01-11,Lullaby of the Earth,1976,https://boxd.it/4dUI
2025-01-11,Blind Beast,1969,https://boxd.it/1rQ0
2025-01-11,The Conversation,1974,https://boxd.it/2a38
2025-01-11,The Eel,1997,https://boxd.it/1Dna
2025-01-11,The Ballad of Narayama,1983,https://boxd.it/XI6
2025-01-11,Pigs and Battleships,1961,https://boxd.it/1jQG
2025-01-11,Wandering,2022,https://boxd.it/w4wo
2025-01-12,Sisyphus's Vacation,2021,https://boxd.it/twPi
2025-01-12,Rush Hour,1998,https://boxd.it/27pU
2025-01-12,Big Time Gambling Boss,1968,https://boxd.it/47rK
2025-01-12,Samurai III: Duel at Ganryu Island,1956,https://boxd.it/1jeM
2025-01-12,Samurai II: Duel at Ichijoji Temple,1955,https://boxd.it/1jf6
2025-01-12,Samurai I: Musashi Miyamoto,1954,https://boxd.it/1jfg
2025-01-13,Who Am I?,1998,https://boxd.it/1ZVI
2025-01-13,New Police Story,2004,https://boxd.it/1TmC
2025-01-13,Boat People,1982,https://boxd.it/2oo0
2025-01-15,Christine,1983,https://boxd.it/1ZRQ
2025-01-15,Dancer in the Dark,2000,https://boxd.it/71E
2025-01-16,Under the Skin,2013,https://boxd.it/3mDa
2025-01-16,The Sky Crawlers,2008,https://boxd.it/1Lko
2025-01-16,Good Time,2017,https://boxd.it/fcFu
2025-01-16,The Wailing,2016,https://boxd.it/9fLy
2025-01-17,Sansho the Bailiff,1954,https://boxd.it/1Dkq
2025-01-17,Dead Leaves,2004,https://boxd.it/1L54
2025-01-17,Drunken Angel,1948,https://boxd.it/1uYQ
2025-01-17,Charisma,1999,https://boxd.it/2ogU
2025-01-17,A Man and a Woman,1966,https://boxd.it/Wb6
2025-01-17,First Man,2018,https://boxd.it/cPym
2025-01-18,Apostle,2018,https://boxd.it/f0so
2025-01-18,NN891102,1999,https://boxd.it/fizM
2025-01-19,The Priests,2015,https://boxd.it/cgOa
2025-01-19,Boxer,1977,https://boxd.it/5trE
2025-01-19,Pastoral: To Die in the Country,1974,https://boxd.it/3xEI
2025-01-19,The Brutalist,2024,https://boxd.it/k4BO
2025-01-21,Schindler's List,1993,https://boxd.it/2aq2
2025-01-22,Through My Midwinter,2021,https://boxd.it/x6aQ
2025-01-22,Monsters Club,2011,https://boxd.it/3BuW
2025-01-22,Wheel of Fortune and Fantasy,2021,https://boxd.it/tWcm
2025-01-22,Happy Hour,2015,https://boxd.it/bXge
2025-01-22,Heaven Is Still Far Away,2016,https://boxd.it/j2Xc
2025-01-22,Passion,2008,https://boxd.it/bI9M
2025-01-24,A Touch of Sin,2013,https://boxd.it/5Fvo
2025-01-25,A Grand Night In: The Story of Aardman,2015,https://boxd.it/d0da
2025-01-26,Mary and Max,2009,https://boxd.it/1y2m
2025-01-26,Nickel Boys,2024,https://boxd.it/CStQ
2025-01-26,I'm Still Here,2024,https://boxd.it/BPEO
2025-01-26,Kisapmata,1981,https://boxd.it/6sRo
2025-01-26,Three Colours: Blue,1993,https://boxd.it/2b7K
2025-01-26,Three Colours: Red,1994,https://boxd.it/2b7q
2025-01-26,Three Colours: White,1994,https://boxd.it/2b7A
2025-01-26,The Double Life of Véronique,1991,https://boxd.it/28va
2025-01-26,The Wolf House,2018,https://boxd.it/i1vE
2025-01-27,Citizen Dog,2004,https://boxd.it/1vbg
2025-01-27,Caché,2005,https://boxd.it/2amY
2025-01-27,Tokyo Decadence,1992,https://boxd.it/1LuS
2025-01-28,Nosferatu,1922,https://boxd.it/29TM
2025-01-28,Nosferatu the Vampyre,1979,https://boxd.it/21J0
2025-01-28,We Made a Beautiful Bouquet,2021,https://boxd.it/pZDC
2025-01-28,"When Morning Comes, I Feel Empty",2022,https://boxd.it/EA72
2025-01-28,Solanin,2010,https://boxd.it/PbI
2025-01-29,"Welcome Back, Mr. McDonald",1997,https://boxd.it/3u5q
2025-01-29,Happy Old Year,2019,https://boxd.it/nglu
2025-01-29,King of Comedy,1999,https://boxd.it/xco
2025-01-29,From Beijing with Love,1994,https://boxd.it/Zuq
2025-01-29,All Quiet on the Western Front,2022,https://boxd.it/H08
2025-01-29,Boogie Nights,1997,https://boxd.it/23um
2025-01-30,Sing Sing,2023,https://boxd.it/HIBA
2025-01-31,Bushido,2024,https://boxd.it/Mb3q
2025-02-01,Possession,1981,https://boxd.it/1BPm
2025-02-01,White Snake,2019,https://boxd.it/l3PW
2025-02-01,New Gods: Nezha Reborn,2021,https://boxd.it/oHdE
2025-02-01,Ne Zha,2019,https://boxd.it/mKSm
2025-02-02,Day of the Dead,1985,https://boxd.it/20dM
2025-02-02,Dawn of the Dead,1978,https://boxd.it/29gU
2025-02-02,Dagon,2001,https://boxd.it/1Vh0
2025-02-02,Boyhood,2014,https://boxd.it/3178
2025-02-02,Hiruko the Goblin,1991,https://boxd.it/163c
2025-02-04,Journey Into Solitude,1972,https://boxd.it/8hM2
2025-02-05,Tenebre,1982,https://boxd.it/1mRM
2025-02-06,The Age of Shadows,2016,https://boxd.it/cruq
2025-02-06,Boy,1969,https://boxd.it/3xKQ
2025-02-07,Let the Right One In,2008,https://boxd.it/1Qr0
2025-02-12,Dear Friends,2007,https://boxd.it/lcQ
2025-02-16,Hairpin Circus,1972,https://boxd.it/6m4U
2025-02-20,Saviour of the Soul,1991,https://boxd.it/PE6
2025-02-21,Mimang,2023,https://boxd.it/HTvy
2025-02-21,Hindsight,2011,https://boxd.it/2QK4
2025-02-22,The Spy Gone North,2018,https://boxd.it/iMsW
2025-02-22,My Sunshine,2024,https://boxd.it/Mjfa
2025-02-22,Bungee Jumping of Their Own,2001,https://boxd.it/2UCI
2025-02-22,Inside Men,2015,https://boxd.it/9f9k
2025-02-22,Dersu Uzala,1975,https://boxd.it/1XRO
2025-02-22,"Jeanne Dielman, 23, quai du Commerce, 1080 Bruxelles",1975,https://boxd.it/T18
2025-02-22,The Wages of Fear,1953,https://boxd.it/2aSK
2025-02-22,Mirror,1975,https://boxd.it/28Q8
2025-02-22,Solaris,1972,https://boxd.it/2a2Y
2025-02-22,Stalker,1979,https://boxd.it/28PO
2025-02-22,Andrei Rublev,1966,https://boxd.it/29lg
2025-02-22,Le Trou,1960,https://boxd.it/1nSw
2025-02-22,The Face of Another,1966,https://boxd.it/1nso
2025-02-22,The Assassination of Jesse James by the Coward Robert Ford,2007,https://boxd.it/24dG
2025-02-22,Desert of Namibia,2024,https://boxd.it/MBDu
2025-02-22,Beyond the Fog,2023,https://boxd.it/EOow
2025-02-22,The Young Strangers,2024,https://boxd.it/PNCk
2025-02-23,Welcome Back,2024,https://boxd.it/QkQk
2025-02-23,She Taught Me Serendipity,2024,https://boxd.it/QoJi
2025-02-23,Sayounara,2018,https://boxd.it/ptjq
2025-02-23,Hitman: Agent Jun,2020,https://boxd.it/miVC
2025-02-23,Double Suicide,1969,https://boxd.it/OSQ
2025-02-23,TVO,1991,https://boxd.it/m5KQ
2025-02-23,A Day on the Planet,2004,https://boxd.it/62kI
2025-02-23,Playback,2012,https://boxd.it/qbqK
2025-02-23,Wild Tour,2019,https://boxd.it/mDa8
2025-02-23,"You're Not Normal, Either!",2021,https://boxd.it/sSWS
2025-02-23,When Slackers Dream of the Moon,2001,https://boxd.it/yC8k
2025-02-23,Distance,2001,https://boxd.it/1wvc
2025-02-23,Mio on the Shore,2019,https://boxd.it/lTpw
2025-02-23,Demolition Girl,2019,https://boxd.it/kJym
2025-02-23,Our Body,2018,https://boxd.it/jVKi
2025-02-23,0.5 mm,2014,https://boxd.it/8x6c
2025-02-23,Tokyo Twilight,1957,https://boxd.it/sq6
2025-02-23,Midnight,2021,https://boxd.it/nhSO
2025-02-23,Gangnam Blues,2015,https://boxd.it/9rbW
2025-02-23,V.I.P.,2017,https://boxd.it/fsxm
2025-02-24,Lumberjack the Monster,2023,https://boxd.it/GZxS
2025-02-25,12.12: The Day,2023,https://boxd.it/yCC0
2025-02-25,Drop,2009,https://boxd.it/12r0
2025-02-25,Hunt,2022,https://boxd.it/rgNG
2025-02-25,Man in Love,2014,https://boxd.it/7Dt0
2025-02-25,Poetry,2010,https://boxd.it/JAs
2025-02-26,Winners & Sinners,1983,https://boxd.it/1vCm
2025-03-01,Re-Animator,1985,https://boxd.it/28hM
2025-03-02,A Beautiful Mind,2001,https://boxd.it/2amk
2025-03-02,The Killing of a Sacred Deer,2017,https://boxd.it/dZ5G
2025-03-02,Visible Secret,2001,https://boxd.it/Pqo
2025-03-02,The Last Dance,2024,https://boxd.it/Kz1u
2025-03-02,Teki Cometh,2024,https://boxd.it/QpSq
2025-03-02,Hope,,https://boxd.it/E3vU
2025-03-03,20th Century Girl,2022,https://boxd.it/w9ea
2025-03-05,The Contestant,2023,https://boxd.it/HKUa
2025-03-05,The Wrong Man,1956,https://boxd.it/1AqK
2025-03-06,The Bullet Train,1975,https://boxd.it/Kf6
2025-03-06,Fulltime Killer,2001,https://boxd.it/1YjS
2025-03-06,Colorful,2010,https://boxd.it/4UG
2025-03-08,Resident Evil,2026,https://boxd.it/SEXE
2025-03-08,Barbarian,2022,https://boxd.it/yohi
2025-03-09,Cinema Paradiso,1988,https://boxd.it/1UlA
2025-03-09,Loved Gun,2004,https://boxd.it/yhk
2025-03-09,The Story of PuPu,1998,https://boxd.it/ccfA
2025-03-09,Gondola,1987,https://boxd.it/eWs0
2025-03-09,Wolf Girl,2005,https://boxd.it/gWxo
2025-03-09,The Boy in the Striped Pyjamas,2008,https://boxd.it/1NOK
2025-03-09,Melancholia,2011,https://boxd.it/bPI
2025-03-09,Beppin Town,1989,https://boxd.it/s9MI
2025-03-09,Attack the Gas Station!,1999,https://boxd.it/1JUO
2025-03-09,Spider Forest,2004,https://boxd.it/1Bni
2025-03-10,My Neighbor Totoro,1988,https://boxd.it/20eA
2025-03-10,O.J.: Made in America,2016,https://boxd.it/d7zi
2025-03-11,Miracle Mile,1988,https://boxd.it/1x68
2025-03-11,Flipped,2010,https://boxd.it/Tb8
2025-03-11,Happening,2021,https://boxd.it/tRts
2025-03-12,Next Sohee,2022,https://boxd.it/yMTU
2025-03-13,The Long Goodbye,1973,https://boxd.it/281O
2025-03-13,When the Waves Are Gone,2022,https://boxd.it/nTGG
2025-03-21,The Abyss,1989,https://boxd.it/26mK
2025-03-22,Nemurubaka: Hypnic Jerks,2025,https://boxd.it/Qk6w
2025-03-22,Revelations,2025,https://boxd.it/JXds
2025-03-22,The Graduate,1967,https://boxd.it/18Im
2025-03-22,A Nightmare on Elm Street,1984,https://boxd.it/2aw0
2025-03-23,RRR,2022,https://boxd.it/ljDs
2025-03-25,No Other Land,2024,https://boxd.it/KOTG
2025-03-27,God of Gamblers,1989,https://boxd.it/1KsG
2025-03-29,The Dark Crystal,1982,https://boxd.it/1Tm8
2025-03-29,Labyrinth,1986,https://boxd.it/1POC
2025-03-29,Blind Detective,2013,https://boxd.it/5RrI
2025-03-29,Shinjuku Incident,2009,https://boxd.it/1E5w
2025-03-30,2002,2001,https://boxd.it/pne
2025-03-30,Suspiria,1977,https://boxd.it/1SNW
2025-03-31,Happyend,2024,https://boxd.it/rnUa
2025-04-02,The Great Silence,1968,https://boxd.it/1ZlA
2025-04-04,"O Brother, Where Art Thou?",2000,https://boxd.it/2b3I
2025-04-14,Lupin the IIIrd: Goemon's Blood Spray,2017,https://boxd.it/giRI
2025-04-14,Lupin the IIIrd: Jigen's Gravestone,2014,https://boxd.it/7IPA
2025-04-14,Lupin the IIIrd: Fujiko's Lie,2019,https://boxd.it/lDOq
2025-04-14,The Yards,2000,https://boxd.it/1F5C
2025-04-14,Ad Astra,2019,https://boxd.it/ePzI
2025-04-14,Taipei Story,1985,https://boxd.it/3BkC
2025-04-14,Stray Cat Rock: Delinquent Girl Boss,1970,https://boxd.it/ZM
2025-04-14,Looking for an Angel,1999,https://boxd.it/fewa
2025-04-14,SoulMate,2016,https://boxd.it/eJXY
2025-04-14,In the Heat of the Sun,1994,https://boxd.it/523q
2025-04-14,Not Friends,2023,https://boxd.it/Fm38
2025-04-14,Cry Me a Sad River,2018,https://boxd.it/kbrQ
2025-04-14,Portrait of a Lady on Fire,2019,https://boxd.it/jkPq
2025-04-14,Do the Right Thing,1989,https://boxd.it/29gA
2025-04-15,Scenes from a Marriage,1974,https://boxd.it/4kJC
2025-04-16,Dark City,1998,https://boxd.it/26uk
2025-04-16,The Tree of Life,2011,https://boxd.it/1Zu8
2025-04-20,The Boondock Saints,1999,https://boxd.it/20gw
2025-04-20,The Boondock Saints II: All Saints Day,2009,https://boxd.it/1A0i
2025-04-21,Excalibur,1981,https://boxd.it/1TDI
2025-04-21,Once a Thief,1991,https://boxd.it/KLG
2025-04-21,A Hero Never Dies,1998,https://boxd.it/jBY
2025-04-22,Pat Garrett & Billy the Kid,1973,https://boxd.it/1TvE
2025-04-22,Tombstone,1993,https://boxd.it/1SE6
2025-04-22,Song of the Exile,1990,https://boxd.it/YrA
2025-04-22,Top Gun,1986,https://boxd.it/29JC
2025-04-22,Viy,1967,https://boxd.it/nd2
2025-04-22,Black Sunday,1960,https://boxd.it/1rlG
2025-04-22,The Cabinet of Dr. Caligari,1920,https://boxd.it/2aOo
2025-04-22,Tetris,2023,https://boxd.it/rePK
2025-04-22,The 400 Blows,1959,https://boxd.it/2b1C
2025-04-26,The Replacement Killers,1998,https://boxd.it/1Tcs
2025-04-26,La Chimera,2023,https://boxd.it/vzVi
2025-04-27,"Paris, Texas",1984,https://boxd.it/29Ts
2025-04-27,Manhunt,2017,https://boxd.it/cWbu
2025-04-27,Dance with Me,2019,https://boxd.it/lZfi
2025-04-27,Wood Job!,2014,https://boxd.it/8lvO
2025-04-27,The Show Must Go On,2007,https://boxd.it/r2s
2025-04-28,Irma Vep,1996,https://boxd.it/1vYs
2025-04-30,Paper Moon,1973,https://boxd.it/1Ud2
2025-05-02,The Last Princess,2016,https://boxd.it/enve
2025-05-02,Extreme Job,2019,https://boxd.it/kOQg
2025-05-03,Stray Dog,1949,https://boxd.it/1ltu
2025-05-03,Madadayo,1993,https://boxd.it/1Pcy
2025-05-03,Sunflower,2006,https://boxd.it/GqO
2025-05-03,Summer Blooms,2017,https://boxd.it/gqho
2025-05-03,Fighter,2020,https://boxd.it/qT7W
2025-05-03,Wanna Die Wanna Kill,2024,https://boxd.it/Olmm
2025-05-03,It's Only Talk,2005,https://boxd.it/1F2o
2025-05-03,Parking,2008,https://boxd.it/1Zya
2025-05-03,A Sun,2019,https://boxd.it/n3uo
2025-05-03,Godspeed,2016,https://boxd.it/etNo
2025-05-03,The Haunted Cop Shop,1987,https://boxd.it/4zkM
2025-05-03,My Best Summer,2019,https://boxd.it/mfao
2025-05-04,Black Rain,1989,https://boxd.it/24NY
2025-05-06,Martyrs,2008,https://boxd.it/1Yqu
2025-05-06,Gone with the Wind,1939,https://boxd.it/29Fq
2025-05-07,A Single Rider,2017,https://boxd.it/fsxG
2025-05-07,Keys to the Heart,2018,https://boxd.it/fA72
2025-05-08,Bringing Out the Dead,1999,https://boxd.it/1ZZK
2025-05-08,Lock Up,1989,https://boxd.it/1XoW
2025-05-08,The Promised Land,2023,https://boxd.it/B1hA
2025-05-08,Invasion of the Body Snatchers,1978,https://boxd.it/1SWk
2025-05-08,Messiah of Evil,1974,https://boxd.it/1wLY
2025-05-08,Psycho II,1983,https://boxd.it/1VUQ
2025-05-09,Super Happy Forever,2024,https://boxd.it/NpKg
2025-05-09,Born on the Fourth of July,1989,https://boxd.it/26A8
2025-05-10,The Only Son,1936,https://boxd.it/zX2
2025-05-10,Death by Hanging,1968,https://boxd.it/3nPm
2025-05-13,Fearless,2006,https://boxd.it/20Qa
2025-05-13,Innocent Witness,2019,https://boxd.it/kW1A
2025-05-16,Missing,2021,https://boxd.it/wZh6
2025-05-17,Hellraiser,1987,https://boxd.it/1Zpi
2025-05-18,Let the Bullets Fly,2010,https://boxd.it/Bba
2025-05-18,Dead Man's Shoes,2004,https://boxd.it/1R6C
2025-05-18,The Butcher Boy,1997,https://boxd.it/1A3w
2025-05-18,The Deer Hunter,1978,https://boxd.it/1T6O
2025-05-18,Cries and Whispers,1972,https://boxd.it/1WK8
2025-05-18,Dogville,2003,https://boxd.it/2a8W
2025-05-18,Silenced,2011,https://boxd.it/2QGG
2025-05-18,The Vanishing,1988,https://boxd.it/1ZTW
2025-05-18,Cyclo,1995,https://boxd.it/1aX4
2025-05-18,Man Bites Dog,1992,https://boxd.it/1X7Q
2025-05-18,15,2003,https://boxd.it/1r3C
2025-05-18,Heli,2013,https://boxd.it/5FbS
2025-05-18,Dogs Don't Wear Pants,2019,https://boxd.it/j42i
2025-05-18,The Cat,1992,https://boxd.it/3TZe
2025-05-19,Sons of the Neon Night,2025,https://boxd.it/hc3k
2025-05-19,Rigor Mortis,2013,https://boxd.it/6ipE
2025-05-22,Demons,1971,https://boxd.it/3yiy
2025-05-22,The Legend of Aang: The Last Airbender,2026,https://boxd.it/B1BK
2025-05-23,Resurrection,2025,https://boxd.it/x9DG
2025-05-23,Long Day's Journey into Night,2018,https://boxd.it/hw1I
2025-05-24,The Contact,1997,https://boxd.it/5zQK
2025-05-24,Tell Me Something,1999,https://boxd.it/1Kf8
2025-05-24,Happy End,1999,https://boxd.it/1sq8
2025-05-24,Bloody Beach,2000,https://boxd.it/2INk
2025-05-24,Public Enemy,2002,https://boxd.it/1fY2
2025-05-24,The Classic,2003,https://boxd.it/XvG
2025-05-24,Silmido,2003,https://boxd.it/1ELs
2025-05-24,Harbin,2024,https://boxd.it/mxUO
2025-05-24,Revolver,2024,https://boxd.it/FcM8
2025-05-24,The Closet,2020,https://boxd.it/kZ2Q
2025-05-24,"The Gangster, the Cop, the Devil",2019,https://boxd.it/lnuk
2025-05-24,Our Times,2015,https://boxd.it/bVeq
2025-05-24,Hot Young Bloods,2014,https://boxd.it/7nMK
2025-05-24,Doctor Mack,1995,https://boxd.it/Ps0
2025-05-25,Sound of Falling,2025,https://boxd.it/Km9K
2025-05-25,Behind the Yellow Line,1984,https://boxd.it/1vnQ
2025-05-25,Full Moon in New York,1989,https://boxd.it/7xLM
2025-05-25,The Heroic Trio,1993,https://boxd.it/TYu
2025-05-25,Center Stage,1991,https://boxd.it/2enm
2025-05-25,Clean,2004,https://boxd.it/135a
2025-05-25,Last Romance,1988,https://boxd.it/7xvY
2025-05-26,Before the Devil Knows You're Dead,2007,https://boxd.it/20Jy
2025-05-26,Outlaw: Gangster VIP,1968,https://boxd.it/cjaC
2025-05-28,Honey and Clover,2006,https://boxd.it/2o1A
2025-05-29,On Summer Sand,2025,https://boxd.it/TwyS
2025-05-29,Darkman,1990,https://boxd.it/1YnK
2025-05-29,The Quick and the Dead,1995,https://boxd.it/1Sx0
2025-05-29,Die Hard 2,1990,https://boxd.it/28zw
2025-05-30,Inland Empire,2006,https://boxd.it/28d6
2025-05-31,The Cell,2000,https://boxd.it/1ZLS
2025-05-31,The Fall,2006,https://boxd.it/1NoM
2025-06-01,Mirai,2018,https://boxd.it/h2Hu
2025-06-01,Zebraman,2004,https://boxd.it/1b32
2025-06-01,Captain Fantastic,2016,https://boxd.it/b2K2
2025-06-01,Gunsmith Cats,1995,https://boxd.it/OmZa
2025-06-02,Ne Zha 2,2025,https://boxd.it/B2qe
2025-06-02,La Jetée,1962,https://boxd.it/29Sk
2025-06-02,The Attorney,2013,https://boxd.it/77Pe
2025-06-02,The King,2017,https://boxd.it/fqnk
2025-06-02,The Yellow Sea,2010,https://boxd.it/2j6q
2025-06-03,Mystery Train,1989,https://boxd.it/1Ub6
2025-06-03,Forbidden City Cop,1996,https://boxd.it/17Iq
2025-06-03,The Mermaid,2016,https://boxd.it/di0S
2025-06-03,Tae Guk Gi: The Brotherhood of War,2004,https://boxd.it/1Tjo
2025-06-03,Dragon,2011,https://boxd.it/2urE
2025-06-03,Red Cliff,2008,https://boxd.it/1S6y
2025-06-03,Red Cliff II,2009,https://boxd.it/1Ml8
2025-06-03,Sleepless Town,1998,https://boxd.it/2c8u
2025-06-04,Army of Shadows,1969,https://boxd.it/1Mli
2025-06-05,The Glorious Asuka Gang!,1988,https://boxd.it/fwvE
2025-06-05,Blood and Bones,2004,https://boxd.it/1Bfe
2025-06-05,Tokyo Raiders,2000,https://boxd.it/Px0
2025-06-05,First Love: The Litter on the Breeze,1997,https://boxd.it/6qOi
2025-06-05,Perhaps Love,2005,https://boxd.it/RU6
2025-06-05,Under the Open Sky,2020,https://boxd.it/rk3i
2025-06-05,The Long Excuse,2016,https://boxd.it/dGUg
2025-06-05,Female Prisoner Scorpion: #701's Grudge Song,1973,https://boxd.it/rXS
2025-06-05,Blind Woman's Curse,1970,https://boxd.it/2tAA
2025-06-05,Stray Cat Rock: Sex Hunter,1970,https://boxd.it/OO
2025-06-05,Stray Cat Rock: Wild Jumbo,1970,https://boxd.it/DG
2025-06-05,Stray Cat Rock: Machine Animal,1970,https://boxd.it/E0
2025-06-05,Stray Cat Rock: Beat '71,1971,https://boxd.it/3Xbi
2025-06-05,Jeans Blues: No Future,1974,https://boxd.it/CI
2025-06-05,"Merry Christmas, Mr. Lawrence",1983,https://boxd.it/1SHu
2025-06-06,Cyclops,1987,https://boxd.it/6Nqo
2025-06-06,Cabaret,1986,https://boxd.it/c66i
2025-06-06,Landscape in the Mist,1988,https://boxd.it/JRy
2025-06-06,Blazing Fists,2025,https://boxd.it/Qt0i
2025-06-06,Ready or Not,2019,https://boxd.it/kOf0
2025-06-06,Gothic & Lolita Psycho,2010,https://boxd.it/2hp6
2025-06-06,Gonin 2,1996,https://boxd.it/2hys
2025-06-11,The Quiet Duel,1949,https://boxd.it/18aO
2025-06-14,Midnight Cowboy,1969,https://boxd.it/25Hi
2025-06-14,Best Wishes to All,2023,https://boxd.it/GYHi
2025-06-15,Love At Least,2018,https://boxd.it/jPWi
2025-06-17,Tango & Cash,1989,https://boxd.it/1YdU
2025-06-18,To Live,1994,https://boxd.it/1j6S
2025-06-23,Flat Girls,2025,https://boxd.it/Ne0Q
2025-06-25,A Fugitive from the Past,1965,https://boxd.it/3TFy
2025-06-25,Riding Alone for Thousands of Miles,2005,https://boxd.it/1OvO
2025-06-26,The Beast to Die,1980,https://boxd.it/T8S
2025-06-27,Hanging Garden,2005,https://boxd.it/16YC
2025-06-28,The Hole,,https://boxd.it/R8iW
2025-06-28,"Love, Lies",2016,https://boxd.it/dqrC
2025-07-22,Intimacies,2012,https://boxd.it/bIaq
2025-07-22,The Apartment,1960,https://boxd.it/2aGE
2025-07-23,Project Y,2025,https://boxd.it/RV9u
2025-07-29,Girls' Encounter,2018,https://boxd.it/iPdg
2025-07-30,The Servant,1963,https://boxd.it/VAa
2025-07-30,Vampyr,1932,https://boxd.it/29DY
2025-07-30,"Turn Left, Turn Right",2003,https://boxd.it/ZXs
2025-07-30,Sweet Rain: Accuracy of Death,2008,https://boxd.it/1QLE
2025-07-30,Anna Magdalena,1998,https://boxd.it/3VQe
2025-07-31,Midnight My Love,2005,https://boxd.it/2ysw
2025-07-31,Girl on Edge,2025,https://boxd.it/UhSq
2025-07-31,Trainspotting,1996,https://boxd.it/29XY
2025-07-31,Us and Them,2018,https://boxd.it/ip3a
2025-07-31,The Road Home,1999,https://boxd.it/1S80
2025-07-31,My Left Eye Sees Ghosts,2002,https://boxd.it/PDC
2025-07-31,The Holy Mountain,1973,https://boxd.it/20mu
2025-08-01,Muddy River,1981,https://boxd.it/47t2
2025-08-01,Sans Soleil,1983,https://boxd.it/28B8
2025-08-01,Profound Desires of the Gods,1968,https://boxd.it/D20
2025-08-01,Fish Story,2009,https://boxd.it/16Z6
2025-08-03,Big World,2024,https://boxd.it/MKSS
2025-08-04,Moonlit Winter,2019,https://boxd.it/lfnK
2025-08-09,Mandy,2018,https://boxd.it/gtti
2025-08-09,50 First Dates,2004,https://boxd.it/285c
2025-08-13,Metade Fumaça,1999,https://boxd.it/1aKE
2025-08-14,Ash Is Purest White,2018,https://boxd.it/fH5C
2025-08-16,Canary,2004,https://boxd.it/3Qu8
2025-08-17,Harmonium,2016,https://boxd.it/dJkg
2025-08-17,An Autumn Afternoon,1962,https://boxd.it/CUU
2025-08-17,The Flavor of Green Tea Over Rice,1952,https://boxd.it/spi
2025-08-17,Late Autumn,1960,https://boxd.it/1Bf4
2025-08-17,"I Was Born, But...",1932,https://boxd.it/1pS4
2025-08-17,The End of Summer,1961,https://boxd.it/2lkO
2025-08-17,Floating Weeds,1959,https://boxd.it/LZu
2025-08-17,Good Morning,1959,https://boxd.it/2lkk
2025-08-17,Equinox Flower,1958,https://boxd.it/2lkY
2025-08-18,The Taste of Things,2023,https://boxd.it/Arke
2025-08-18,The Scent of Green Papaya,1993,https://boxd.it/1EWq
2025-08-18,Norwegian Wood,2010,https://boxd.it/m4S
2025-08-18,Hot Spring Shark Attack,2024,https://boxd.it/KwGE
2025-08-18,The River,1997,https://boxd.it/uEk
2025-08-18,The Motorcycle Diaries,2004,https://boxd.it/28nU
2025-08-18,Easy Rider,1969,https://boxd.it/29Ys
2025-08-19,Ping Pong,2002,https://boxd.it/1vkW
2025-08-19,Under Your Bed,2019,https://boxd.it/nKAO
2025-08-20,Red Rooms,2023,https://boxd.it/ym4c
2025-08-21,The Iceman Cometh,1989,https://boxd.it/PuA
2025-08-21,When a Woman Ascends the Stairs,1960,https://boxd.it/19Ck
2025-08-21,Yearning,1964,https://boxd.it/3JYg
2025-08-22,Curse of the Golden Flower,2006,https://boxd.it/28GC
2025-08-22,Magic Crystal,1986,https://boxd.it/4xWO
2025-08-22,Love in a Fallen City,1984,https://boxd.it/5im4
2025-08-22,Tiger on the Beat,1988,https://boxd.it/366
2025-08-24,Yokohama BJ Blues,1981,https://boxd.it/akjw
2025-08-24,50 First Dates,,https://boxd.it/OmvO
2025-08-26,Dark Water,2002,https://boxd.it/1Sik
2025-08-26,Ugetsu,1953,https://boxd.it/1NyM
2025-08-26,The Grudge,2004,https://boxd.it/27Jq
2025-08-26,Farewell Song,2019,https://boxd.it/lB1m
2025-08-27,Afraid to Die,1960,https://boxd.it/R66
2025-08-28,Lady Battle Cop,1990,https://boxd.it/3F6k
2025-08-28,Youth of the Beast,1963,https://boxd.it/179q
2025-08-28,Gate of Flesh,1964,https://boxd.it/35fK
2025-08-28,Siao Yu,1995,https://boxd.it/7214
2025-08-29,The Love Witch,2016,https://boxd.it/cZie
2025-08-31,Love Untangled,2025,https://boxd.it/Qfao
2025-08-31,The Legend of Hei,2019,https://boxd.it/mWC6
2025-08-31,I Am What I Am 2,2024,https://boxd.it/HDHS
2025-08-31,I Am What I Am,2021,https://boxd.it/vFx2
2025-08-31,Papa,2024,https://boxd.it/IH0q
2025-08-31,Sorry,2002,https://boxd.it/2hei
2025-09-01,Amoeba,2025,https://boxd.it/If9u
2025-09-01,She Rides Shotgun,2025,https://boxd.it/JoCs
2025-09-01,The Most Terrible Time in My Life,1994,https://boxd.it/30Ko
2025-09-01,The Stairway to the Distant Past,1995,https://boxd.it/42de
2025-09-01,The Trap,1996,https://boxd.it/42d4
2025-09-01,To Sleep So as to Dream,1986,https://boxd.it/4iYg
2025-09-01,Paterson,2016,https://boxd.it/cRk2
2025-09-01,Sweet Bean,2015,https://boxd.it/alaK
2025-09-01,Thousand and One Nights,2022,https://boxd.it/CyH4
2025-09-01,On the Edge of Their Seats,2020,https://boxd.it/ptXU
2025-09-01,The Blood of Wolves,2018,https://boxd.it/h1nI
2025-09-01,A Balance,2020,https://boxd.it/rQ5A
2025-09-01,"Ah, Wilderness: Part 2",2017,https://boxd.it/hGmG
2025-09-01,Destruction Babies,2016,https://boxd.it/dj8e
2025-09-01,100 Yen Love,2014,https://boxd.it/a8tk
2025-09-02,The Message,2009,https://boxd.it/1gU6
2025-09-02,Contact Lens,2024,https://boxd.it/QNF6
2025-09-03,Blue Sun Palace,2024,https://boxd.it/MAAO
2025-09-05,Girl,2025,https://boxd.it/QjY8
2025-09-06,School on Fire,1988,https://boxd.it/3MAc
2025-09-07,The Last Dance,1993,https://boxd.it/2VeM
2025-09-08,Love/Juice,2000,https://boxd.it/482w
2025-09-08,City of Wind,2023,https://boxd.it/rnEm
2025-09-08,The Cave of the Yellow Dog,2005,https://boxd.it/28Qs
2025-09-08,Khadak,2006,https://boxd.it/20y6
2025-09-08,Manila in the Claws of Light,1975,https://boxd.it/2taM
2025-09-08,Cleaners,2019,https://boxd.it/n6HU
2025-09-09,Yakuza Taxi,1994,https://boxd.it/fBbE
2025-09-09,The Ditch,2010,https://boxd.it/3cy0
2025-09-09,Flaming Brothers,1987,https://boxd.it/2tgU
2025-09-09,Return Engagement,1990,https://boxd.it/6NKI
2025-09-10,The Vertical Ray of the Sun,2000,https://boxd.it/1d6s
2025-09-10,Between Calmness and Passion,2001,https://boxd.it/1fGs
2025-09-11,Yadang: The Snitch,2025,https://boxd.it/H0dY
2025-09-14,Mountains May Depart,2015,https://boxd.it/a86U
2025-09-14,Breaking News,2004,https://boxd.it/1RKs
2025-09-16,The Long Walk,2025,https://boxd.it/mic8
2025-09-20,A New Love in Tokyo,1994,https://boxd.it/3F36
2025-09-22,Ju-on: The Grudge,2002,https://boxd.it/1SY6
2025-09-26,ONE IN A MILL10N,2025,https://boxd.it/WqXI
